plot_UID,leaf_UID_x,leaf_nr,timestamp,date,time,file_id,la_tot,la_damaged,la_healthy,la_damaged_f,la_healthy_f,la_insect,n_pycn,n_rust,n_lesion,placl,pycn_density,rust_density,mean_dist,std_dist,cv_dist,mean_shortest_dist,std_shortest_dist,cv_shortest_dist,image_name,leaf_UID_y,image_path
ESWW0070020,ESWW0070020_1,1,2023-05-25 17:24:20,20230525,172420,20230525_172420_ESWW0070020_1.txt,3801413,1182,3800231,0.0003109370121057617,0.9996890629878943,991,0,0,0,5.0257576658592124e-05,0.0,0.0,2638.967273842445,1365.0507401191646,0.5172670209477795,,,,20230525_172420_ESWW0070020_1,ESWW0070020_1,C:\Users\datir\project1\data\processed\ts\ESWW0070020_1\overlay\20230525_172420_ESWW0070020_1.png
ESWW0070020,ESWW0070020_1,1,2023-05-27 10:20:10,20230527,102010,20230527_102010_ESWW0070020_1.txt,3618082,1029,3617053,0.00028440483106795256,0.999715595168932,822,0,0,0,5.722563487280428e-05,0.0,0.0,2675.5381602053535,1338.6853991439655,0.5003424802736577,,,,20230527_102010_ESWW0070020_1,ESWW0070020_1,C:\Users\datir\project1\data\processed\ts\ESWW0070020_1\overlay\20230527_102010_ESWW0070020_1.png
ESWW0070020,ESWW0070020_1,1,2023-05-27 16:49:09,20230527,164909,20230527_164909_ESWW0070020_1.txt,3617642,132,3617510,3.6487855901717195e-05,0.9999635121440983,72,0,0,0,1.6585719142960606e-05,0.0,0.0,2675.331522268195,1338.6357401827152,0.5003625640562839,,,,20230527_164909_ESWW0070020_1,ESWW0070020_1,C:\Users\datir\project1\data\processed\ts\ESWW0070020_1\overlay\20230527_164909_ESWW0070020_1.png
ESWW0070020,ESWW0070020_1,1,2023-05-29 12:25:41,20230529,122541,20230529_122541_ESWW0070020_1.txt,3617799,1182,3616617,0.0003267179851616964,0.9996732820148383,277,2,0,0,0.00025017124982239225,5.528646404914745e-07,0.0,2675.4446584937377,1338.6433616326233,0.5003442539477804,,,,20230529_122541_ESWW0070020_1,ESWW0070020_1,C:\Users\datir\project1\data\processed\ts\ESWW0070020_1\overlay\20230529_122541_ESWW0070020_1.png
ESWW0070020,ESWW0070020_1,1,2023-05-30 12:25:48,20230530,122548,20230530_122548_ESWW0070020_1.txt,3618079,6756,3611323,0.0018672892438224816,0.9981327107561775,1192,13,0,2,0.001538339461531422,3.5942510783444437e-06,0.0,808.3415362715134,573.8734308154061,0.7099393079098784,2205.0173793221343,0.0,0.0,20230530_122548_ESWW0070020_1,ESWW0070020_1,C:\Users\datir\project1\data\processed\ts\ESWW0070020_1\overlay\20230530_122548_ESWW0070020_1.png
ESWW0070020,ESWW0070020_1,1,2023-05-31 09:43:32,20230531,094332,20230531_094332_ESWW0070020_1.txt,3618027,13276,3604751,0.0036694032410482286,0.9963305967589517,1177,31,0,4,0.0033451760509835907,8.57099409707342e-06,0.0,689.1518014298786,588.727517528457,0.8542784279268263,481.98823211032266,144.85643101933,0.3005393521437131,20230531_094332_ESWW0070020_1,ESWW0070020_1,C:\Users\datir\project1\data\processed\ts\ESWW0070020_1\overlay\20230531_094332_ESWW0070020_1.png
ESWW0070020,ESWW0070020_1,1,2023-05-31 16:41:52,20230531,164152,20230531_164152_ESWW0070020_1.txt,3617985,25560,3592425,0.007064705906740907,0.9929352940932591,1050,16,5,6,0.006775073370132447,4.4236349284684405e-06,1.3823859151463878e-06,608.960254689599,561.6804085076124,0.9223597175384028,437.92697264031875,241.40915647709977,0.5512543678723705,20230531_164152_ESWW0070020_1,ESWW0070020_1,C:\Users\datir\project1\data\processed\ts\ESWW0070020_1\overlay\20230531_164152_ESWW0070020_1.png
ESWW0070020,ESWW0070020_1,1,2023-06-01 15:56:01,20230601,155601,20230601_155601_ESWW0070020_1.txt,3618059,45801,3572258,0.01265899754536894,0.9873410024546311,279,50,3,10,0.012582025441016314,1.382063033130815e-05,8.29237819878489e-07,287.88066097953816,188.80587863450077,0.6558477321542645,377.3384210120999,198.4898242620072,0.5260260106289106,20230601_155601_ESWW0070020_1,ESWW0070020_1,C:\Users\datir\project1\data\processed\ts\ESWW0070020_1\overlay\20230601_155601_ESWW0070020_1.png
ESWW0070020,ESWW0070020_1,1,2023-06-02 10:47:54,20230602,104754,20230602_104754_ESWW0070020_1.txt,3617918,54917,3563001,0.015179172109483963,0.9848208278905161,679,135,4,13,0.014993203379704797,3.732128289007168e-05,1.1058157893354573e-06,278.88313437519247,192.35857986242937,0.6897461916920433,278.07708135435024,179.0888136895257,0.6440257960752795,20230602_104754_ESWW0070020_1,ESWW0070020_1,C:\Users\datir\project1\data\processed\ts\ESWW0070020_1\overlay\20230602_104754_ESWW0070020_1.png
ESWW0070020,ESWW0070020_1,1,2023-06-03 10:50:40,20230603,105040,20230603_105040_ESWW0070020_1.txt,3618015,76228,3541787,0.021069011598901607,0.9789309884010984,65,123,12,16,0.02104810735361185,3.3997153083928746e-05,3.3167954228223164e-06,259.9136839772352,193.87416739517346,0.7459175077990665,268.29663173327435,165.579243136297,0.6171499137600308,20230603_105040_ESWW0070020_1,ESWW0070020_1,C:\Users\datir\project1\data\processed\ts\ESWW0070020_1\overlay\20230603_105040_ESWW0070020_1.png
ESWW0070020,ESWW0070020_1,1,2023-06-04 13:25:42,20230604,132542,20230604_132542_ESWW0070020_1.txt,3616898,139257,3477641,0.038501776937032786,0.9614982230629672,863,322,22,21,0.03826622253379738,8.904781065448758e-05,6.08401190807058e-06,221.43680241067418,196.1116798222632,0.8856327299134166,255.52553601201055,155.23995737231166,0.607532068203997,20230604_132542_ESWW0070020_1,ESWW0070020_1,C:\Users\datir\project1\data\processed\ts\ESWW0070020_1\overlay\20230604_132542_ESWW0070020_1.png
ESWW0070020,ESWW0070020_1,1,2023-06-06 08:46:22,20230606,084622,20230606_084622_ESWW0070020_1.txt,3612090,219136,3392954,0.06066736986066239,0.9393326301393377,1978,506,32,26,0.06014384041270742,0.00014016185647425898,8.863990923273295e-06,158.4630876551037,125.23385817278697,0.7903030290900274,222.07596940662245,109.3988579664474,0.4926190720173664,20230606_084622_ESWW0070020_1,ESWW0070020_1,C:\Users\datir\project1\data\processed\ts\ESWW0070020_1\overlay\20230606_084622_ESWW0070020_1.png
ESWW0070020,ESWW0070020_1,1,2023-06-07 16:29:17,20230607,162917,20230607_162917_ESWW0070020_1.txt,3603989,308786,3295203,0.08567895185029699,0.914321048149703,380,720,32,32,0.08557365685344887,0.00019979970079994806,8.879986702219913e-06,137.0318722747127,124.46723266320623,0.9083086335833047,204.65080740026116,96.09415070530493,0.4695517790817291,20230607_162917_ESWW0070020_1,ESWW0070020_1,C:\Users\datir\project1\data\processed\ts\ESWW0070020_1\overlay\20230607_162917_ESWW0070020_1.png
ESWW0070020,ESWW0070020_1,1,2023-06-08 16:29:57,20230608,162957,20230608_162957_ESWW0070020_1.txt,3606506,454759,3151747,0.12609406444908175,0.8739059355509182,1990,1155,33,39,0.12560243871854085,0.0003204313699814344,9.155181999469555e-06,122.0350541568443,126.87606035628184,1.0396689806292518,189.63333223892886,88.21205114654613,0.4651716557688455,20230608_162957_ESWW0070020_1,ESWW0070020_1,C:\Users\datir\project1\data\processed\ts\ESWW0070020_1\overlay\20230608_162957_ESWW0070020_1.png
ESWW0070020,ESWW0070020_10,10,2023-05-25 17:33:37,20230525,173337,20230525_173337_ESWW0070020_10.txt,3201278,1192,3200086,0.00037235129220267654,0.9996276487077973,0,0,0,0,0.00037235129220267654,0.0,0.0,2621.027482453693,1438.0123682776311,0.5486445212437933,,,,20230525_173337_ESWW0070020_10,ESWW0070020_10,C:\Users\datir\project1\data\processed\ts\ESWW0070020_10\overlay\20230525_173337_ESWW0070020_10.png
ESWW0070020,ESWW0070020_10,10,2023-05-27 10:26:25,20230527,102625,20230527_102625_ESWW0070020_10.txt,3051455,25790,3025665,0.008451705825581567,0.9915482941744185,0,63,3,7,0.008450722688029154,2.0645888600683937e-05,9.831375524135209e-07,739.5298491810502,745.580409250058,1.008181630634258,346.936442412383,51.367706501784035,0.14806085559823162,20230527_102625_ESWW0070020_10,ESWW0070020_10,C:\Users\datir\project1\data\processed\ts\ESWW0070020_10\overlay\20230527_102625_ESWW0070020_10.png
ESWW0070020,ESWW0070020_10,10,2023-05-27 16:55:08,20230527,165508,20230527_165508_ESWW0070020_10.txt,3050034,38174,3011860,0.01251592605197188,0.9874840739480282,0,99,3,7,0.012514942456379175,3.245865455926065e-05,9.835955927048683e-07,736.6047291834517,751.1232722271433,1.0197100866563615,349.0605591319582,46.65643782440783,0.13366287483304556,20230527_165508_ESWW0070020_10,ESWW0070020_10,C:\Users\datir\project1\data\processed\ts\ESWW0070020_10\overlay\20230527_165508_ESWW0070020_10.png
ESWW0070020,ESWW0070020_10,10,2023-05-29 12:20:32,20230529,122032,20230529_122032_ESWW0070020_10.txt,3051924,144709,2907215,0.04741566303748062,0.9525843369625194,0,252,4,15,0.04741435238885372,8.257086349463486e-05,1.310648626898966e-06,554.0734203595669,607.4067595442532,1.0962568086194706,192.20407178690647,98.92458505852575,0.5146851684193342,20230529_122032_ESWW0070020_10,ESWW0070020_10,C:\Users\datir\project1\data\processed\ts\ESWW0070020_10\overlay\20230529_122032_ESWW0070020_10.png
ESWW0070020,ESWW0070020_10,10,2023-05-30 12:20:41,20230530,122041,20230530_122041_ESWW0070020_10.txt,3049731,234809,2814922,0.0769933479379001,0.9230066520620999,0,460,10,21,0.07699006896018042,0.00015083297510501745,3.2789777196742925e-06,267.04592588048894,259.3893912524486,0.971328771997567,170.99297249673657,63.347686138156554,0.37046952990635656,20230530_122041_ESWW0070020_10,ESWW0070020_10,C:\Users\datir\project1\data\processed\ts\ESWW0070020_10\overlay\20230530_122041_ESWW0070020_10.png
ESWW0070020,ESWW0070020_10,10,2023-05-31 09:47:02,20230531,094702,20230531_094702_ESWW0070020_10.txt,3050207,297310,2752897,0.09747207320683482,0.9025279267931652,0,677,12,24,0.09746813904761217,0.0002219521494770683,3.934159222636366e-06,191.36248213036134,169.8708609200758,0.8876915633042173,174.02328106978334,95.39318131068148,0.5481633303559471,20230531_094702_ESWW0070020_10,ESWW0070020_10,C:\Users\datir\project1\data\processed\ts\ESWW0070020_10\overlay\20230531_094702_ESWW0070020_10.png
ESWW0070020,ESWW0070020_10,10,2023-05-31 16:48:44,20230531,164844,20230531_164844_ESWW0070020_10.txt,3050661,366196,2684465,0.12003824744866769,0.8799617525513324,0,735,8,26,0.12003562506617418,0.000240931391590216,2.62238249349895e-06,188.02437276221355,171.0406300312467,0.9096726531701002,154.30912514282556,60.43230842189239,0.3916314629219588,20230531_164844_ESWW0070020_10,ESWW0070020_10,C:\Users\datir\project1\data\processed\ts\ESWW0070020_10\overlay\20230531_164844_ESWW0070020_10.png
ESWW0070020,ESWW0070020_10,10,2023-06-01 16:00:52,20230601,160052,20230601_160052_ESWW0070020_10.txt,3046970,452705,2594265,0.14857547005713873,0.8514245299428612,0,581,29,29,0.14856595240517628,0.0001906812341440841,9.517651962441376e-06,182.00326505930212,169.86113528467004,0.9332861980763048,158.81871875144134,62.73617580737981,0.3950175162007498,20230601_160052_ESWW0070020_10,ESWW0070020_10,C:\Users\datir\project1\data\processed\ts\ESWW0070020_10\overlay\20230601_160052_ESWW0070020_10.png
ESWW0070020,ESWW0070020_10,10,2023-06-02 10:52:27,20230602,105227,20230602_105227_ESWW0070020_10.txt,3047547,510395,2537152,0.16747731864348606,0.832522681356514,0,1324,24,31,0.16746944345731174,0.00043444777061682726,7.875186174323152e-06,180.79236535728023,172.46983913430628,0.95396638455099,154.05642995447272,43.64202135959121,0.2832859451078313,20230602_105227_ESWW0070020_10,ESWW0070020_10,C:\Users\datir\project1\data\processed\ts\ESWW0070020_10\overlay\20230602_105227_ESWW0070020_10.png
ESWW0070020,ESWW0070020_10,10,2023-06-03 10:55:14,20230603,105514,20230603_105514_ESWW0070020_10.txt,3040918,674694,2366224,0.22187181633967112,0.7781281836603289,0,1402,58,37,0.22185274315190348,0.00046104498707298257,1.907318776764122e-05,168.58890694400355,170.80245688752717,1.0131298671048319,143.90308799125123,50.40746453294087,0.35028758059733545,20230603_105514_ESWW0070020_10,ESWW0070020_10,C:\Users\datir\project1\data\processed\ts\ESWW0070020_10\overlay\20230603_105514_ESWW0070020_10.png
ESWW0070020,ESWW0070020_10,10,2023-06-04 13:28:53,20230604,132853,20230604_132853_ESWW0070020_10.txt,3045121,833781,2211340,0.2738088240171737,0.7261911759828263,0,1639,53,40,0.2737914191258738,0.0005382380535945863,1.740489129988595e-05,132.07783680757066,128.16179691969205,0.9703505146470256,154.47176263375638,70.59159859939122,0.4569870725613445,20230604_132853_ESWW0070020_10,ESWW0070020_10,C:\Users\datir\project1\data\processed\ts\ESWW0070020_10\overlay\20230604_132853_ESWW0070020_10.png
ESWW0070020,ESWW0070020_10,10,2023-06-06 09:38:11,20230606,093811,20230606_093811_ESWW0070020_10.txt,3045889,1120934,1924955,0.36801538073120854,0.6319846192687915,0,2045,55,48,0.3679973236056862,0.0006713967580565149,1.8057125522302357e-05,79.72873204384804,66.86950865750875,0.8387128070810512,153.9072637168388,55.199659614709404,0.35865532452234794,20230606_093811_ESWW0070020_10,ESWW0070020_10,C:\Users\datir\project1\data\processed\ts\ESWW0070020_10\overlay\20230606_093811_ESWW0070020_10.png
ESWW0070020,ESWW0070020_10,10,2023-06-07 16:35:48,20230607,163548,20230607_163548_ESWW0070020_10.txt,2743390,1377118,1366272,0.5019767513915265,0.49802324860847347,0,2753,56,57,0.5019563386904523,0.0010035029653093436,2.0412701074218394e-05,57.67099704737746,54.35334646985318,0.9424728070021263,156.2989446924982,48.59605088862426,0.31091733206664895,20230607_163548_ESWW0070020_10,ESWW0070020_10,C:\Users\datir\project1\data\processed\ts\ESWW0070020_10\overlay\20230607_163548_ESWW0070020_10.png
ESWW0070020,ESWW0070020_10,10,2023-06-08 16:35:37,20230608,163537,20230608_163537_ESWW0070020_10.txt,2745676,1701160,1044516,0.6195778380260453,0.3804221619739547,1,2550,49,62,0.6195598532237063,0.0009287333715752957,1.7846249100858625e-05,39.23465700205298,35.479854593809925,0.9042988343686404,150.73504309619108,49.700314124271436,0.32971970620365526,20230608_163537_ESWW0070020_10,ESWW0070020_10,C:\Users\datir\project1\data\processed\ts\ESWW0070020_10\overlay\20230608_163537_ESWW0070020_10.png
ESWW0070020,ESWW0070020_2,2,2023-05-25 17:26:17,20230525,172617,20230525_172617_ESWW0070020_2.txt,3191641,877,3190764,0.00027478027760641,0.9997252197223936,0,0,0,0,0.00027478027760641,0.0,0.0,2284.159441570976,1233.4166552638126,0.5399871098383158,,,,20230525_172617_ESWW0070020_2,ESWW0070020_2,C:\Users\datir\project1\data\processed\ts\ESWW0070020_2\overlay\20230525_172617_ESWW0070020_2.png
ESWW0070020,ESWW0070020_2,2,2023-05-26 10:47:42,20230526,104742,20230526_104742_ESWW0070020_2.txt,2962942,1464,2961478,0.0004941034957822326,0.9995058965042177,0,1,7,1,0.0004917409790674269,3.375023878293939e-07,2.362516714805757e-06,1433.8948852235812,960.0269457294302,0.6695239348592398,,,,20230526_104742_ESWW0070020_2,ESWW0070020_2,C:\Users\datir\project1\data\processed\ts\ESWW0070020_2\overlay\20230526_104742_ESWW0070020_2.png
ESWW0070020,ESWW0070020_2,2,2023-05-27 10:20:45,20230527,102045,20230527_102045_ESWW0070020_2.txt,2962980,2625,2960355,0.0008859324058886662,0.9991140675941114,0,0,8,1,0.0008832324214135768,0.0,2.699984475089268e-06,1420.8595743729265,956.9123663048139,0.6734742711834361,,,,20230527_102045_ESWW0070020_2,ESWW0070020_2,C:\Users\datir\project1\data\processed\ts\ESWW0070020_2\overlay\20230527_102045_ESWW0070020_2.png
ESWW0070020,ESWW0070020_2,2,2023-05-27 16:49:53,20230527,164953,20230527_164953_ESWW0070020_2.txt,2962994,3778,2959216,0.001275061643729282,0.9987249383562707,0,0,7,1,0.0012726991684762102,0.0,2.362475253071724e-06,1408.31065563133,952.087577744446,0.6760494028340897,,,,20230527_164953_ESWW0070020_2,ESWW0070020_2,C:\Users\datir\project1\data\processed\ts\ESWW0070020_2\overlay\20230527_164953_ESWW0070020_2.png
ESWW0070020,ESWW0070020_2,2,2023-05-29 12:25:12,20230529,122512,20230529_122512_ESWW0070020_2.txt,2962759,51050,2911709,0.017230561108750323,0.9827694388912497,0,45,8,3,0.017227523399642022,1.5188545541503713e-05,2.7001858740451047e-06,696.2700075759928,569.266023758121,0.8175937747770785,554.8891321712218,184.9519561926787,0.33331335120762134,20230529_122512_ESWW0070020_2,ESWW0070020_2,C:\Users\datir\project1\data\processed\ts\ESWW0070020_2\overlay\20230529_122512_ESWW0070020_2.png
ESWW0070020,ESWW0070020_2,2,2023-05-30 12:25:19,20230530,122519,20230530_122519_ESWW0070020_2.txt,2961639,102721,2858918,0.03468383553836237,0.9653161644616376,0,23,8,4,0.03468113433136179,7.765970126676479e-06,2.701207000583123e-06,649.8320910123655,576.0964992324763,0.8865313166282425,296.59703827489227,211.55493398778864,0.7132739261938117,20230530_122519_ESWW0070020_2,ESWW0070020_2,C:\Users\datir\project1\data\processed\ts\ESWW0070020_2\overlay\20230530_122519_ESWW0070020_2.png
ESWW0070020,ESWW0070020_2,2,2023-05-31 09:44:03,20230531,094403,20230531_094403_ESWW0070020_2.txt,2962312,175534,2786778,0.05925574348684406,0.940744256513156,0,330,9,6,0.05925236774519362,0.00011139947446453986,3.0381674853965415e-06,625.3667037476299,567.240682107745,0.9070528998561107,208.87709841922992,184.37917885904764,0.8827161055683885,20230531_094403_ESWW0070020_2,ESWW0070020_2,C:\Users\datir\project1\data\processed\ts\ESWW0070020_2\overlay\20230531_094403_ESWW0070020_2.png
ESWW0070020,ESWW0070020_2,2,2023-05-31 16:42:45,20230531,164245,20230531_164245_ESWW0070020_2.txt,2962361,236830,2725531,0.07994636710380673,0.9200536328961932,0,401,8,10,0.07994366655515651,0.00013536500109203437,2.7005486502151492e-06,606.7286814718503,579.8224330316355,0.9556535742220994,169.29571429969658,129.33503973535952,0.7639593256708408,20230531_164245_ESWW0070020_2,ESWW0070020_2,C:\Users\datir\project1\data\processed\ts\ESWW0070020_2\overlay\20230531_164245_ESWW0070020_2.png
ESWW0070020,ESWW0070020_2,2,2023-06-01 15:56:34,20230601,155634,20230601_155634_ESWW0070020_2.txt,2956671,383984,2572687,0.12987038463190528,0.8701296153680947,0,593,13,16,0.12986598779505734,0.00020056340390932912,4.396836847927957e-06,245.13784984654777,194.22966129614758,0.7923283222796159,188.36204642781706,105.2157881323102,0.5585827406723909,20230601_155634_ESWW0070020_2,ESWW0070020_2,C:\Users\datir\project1\data\processed\ts\ESWW0070020_2\overlay\20230601_155634_ESWW0070020_2.png
ESWW0070020,ESWW0070020_2,2,2023-06-02 10:48:35,20230602,104835,20230602_104835_ESWW0070020_2.txt,2957683,464151,2493532,0.15693061088696794,0.8430693891130321,0,1015,12,18,0.15692655365703492,0.0003431740318350547,4.057229933025277e-06,235.4462626934825,195.09276871376684,0.8286084751650946,201.50645585414404,110.04256322804015,0.5460994426287364,20230602_104835_ESWW0070020_2,ESWW0070020_2,C:\Users\datir\project1\data\processed\ts\ESWW0070020_2\overlay\20230602_104835_ESWW0070020_2.png
ESWW0070020,ESWW0070020_2,2,2023-06-03 10:51:12,20230603,105112,20230603_105112_ESWW0070020_2.txt,2391564,561796,1829768,0.23490736605836182,0.7650926339416382,0,905,20,21,0.23489858519362225,0.00037841345663339974,8.36272832339005e-06,151.25970796308488,115.67980227851328,0.7647760519724465,188.68397061119572,78.41644563964802,0.4155967535855699,20230603_105112_ESWW0070020_2,ESWW0070020_2,C:\Users\datir\project1\data\processed\ts\ESWW0070020_2\overlay\20230603_105112_ESWW0070020_2.png
ESWW0070020,ESWW0070020_2,2,2023-06-04 13:26:10,20230604,132610,20230604_132610_ESWW0070020_2.txt,2952460,733438,2219022,0.24841589725178326,0.7515841027482167,0,1331,33,25,0.2484047201316868,0.000450810510557298,1.1177120096461933e-05,157.37660260913657,111.22415226411424,0.7067388062782916,194.894927608982,76.2773714367687,0.39137689406573023,20230604_132610_ESWW0070020_2,ESWW0070020_2,C:\Users\datir\project1\data\processed\ts\ESWW0070020_2\overlay\20230604_132610_ESWW0070020_2.png
ESWW0070020,ESWW0070020_2,2,2023-06-06 08:50:20,20230606,085020,20230606_085020_ESWW0070020_2.txt,2181782,826956,1354826,0.37902778554411026,0.6209722144558897,0,1254,59,28,0.3790007434289952,0.0005747595314288962,2.7042115115075658e-05,149.26754820272768,111.94632416415104,0.7499709448708246,184.5562388267626,76.68027045889563,0.4154845750344593,20230606_085020_ESWW0070020_2,ESWW0070020_2,C:\Users\datir\project1\data\processed\ts\ESWW0070020_2\overlay\20230606_085020_ESWW0070020_2.png
ESWW0070020,ESWW0070020_2,2,2023-06-07 16:29:59,20230607,162959,20230607_162959_ESWW0070020_2.txt,1998953,802344,1196609,0.4013821235416741,0.598617876458326,0,1785,52,28,0.4013556096616579,0.0008929674684697439,2.601361812909058e-05,149.01862449996173,111.09596817966333,0.7455173375304632,185.9637431819588,71.77731946664312,0.38597480475756835,20230607_162959_ESWW0070020_2,ESWW0070020_2,C:\Users\datir\project1\data\processed\ts\ESWW0070020_2\overlay\20230607_162959_ESWW0070020_2.png
ESWW0070020,ESWW0070020_2,2,2023-06-08 16:30:36,20230608,163036,20230608_163036_ESWW0070020_2.txt,2427873,1116407,1311466,0.4598292414800939,0.5401707585199061,0,1935,59,28,0.4598045284905759,0.0007969939119550323,2.4301106359352403e-05,129.0188851264767,103.54166478722185,0.8025310766382795,194.98248797604666,76.47406529613238,0.39220991633631797,20230608_163036_ESWW0070020_2,ESWW0070020_2,C:\Users\datir\project1\data\processed\ts\ESWW0070020_2\overlay\20230608_163036_ESWW0070020_2.png
ESWW0070020,ESWW0070020_3,3,2023-05-26 10:47:11,20230526,104711,20230526_104711_ESWW0070020_3.txt,3368226,34,3368192,1.0094334525058592e-05,0.999989905665475,0,0,0,0,1.0094334525058592e-05,0.0,0.0,2527.505266464666,1385.091078110043,0.5480071976456974,,,,20230526_104711_ESWW0070020_3,ESWW0070020_3,C:\Users\datir\project1\data\processed\ts\ESWW0070020_3\overlay\20230526_104711_ESWW0070020_3.png
ESWW0070020,ESWW0070020_3,3,2023-05-27 10:21:35,20230527,102135,20230527_102135_ESWW0070020_3.txt,3219527,10732,3208795,0.0033334089137938587,0.9966665910862061,0,0,0,2,0.0033334089137938587,0.0,0.0,1062.236408472457,912.1583671757759,0.8587150279357304,1039.8082884162104,0.0,0.0,20230527_102135_ESWW0070020_3,ESWW0070020_3,C:\Users\datir\project1\data\processed\ts\ESWW0070020_3\overlay\20230527_102135_ESWW0070020_3.png
ESWW0070020,ESWW0070020_3,3,2023-05-27 16:50:29,20230527,165029,20230527_165029_ESWW0070020_3.txt,3220602,16156,3204446,0.0050164534456601595,0.9949835465543398,0,21,1,6,0.005016142944704127,6.520520076681316e-06,3.1050095603244365e-07,1021.443704226806,930.3388753438738,0.9108077826453539,258.9272693176045,240.5467716156463,0.9290128932715372,20230527_165029_ESWW0070020_3,ESWW0070020_3,C:\Users\datir\project1\data\processed\ts\ESWW0070020_3\overlay\20230527_165029_ESWW0070020_3.png
ESWW0070020,ESWW0070020_3,3,2023-05-29 12:24:28,20230529,122428,20230529_122428_ESWW0070020_3.txt,3220628,124865,3095763,0.03877038888067793,0.961229611119322,0,172,2,10,0.038769767883779185,5.340573329176794e-05,6.209968987414877e-07,334.8417746025981,268.32354135601173,0.8013442817117651,252.78830374634285,116.11113343549528,0.45932162095602924,20230529_122428_ESWW0070020_3,ESWW0070020_3,C:\Users\datir\project1\data\processed\ts\ESWW0070020_3\overlay\20230529_122428_ESWW0070020_3.png
ESWW0070020,ESWW0070020_3,3,2023-05-30 12:24:39,20230530,122439,20230530_122439_ESWW0070020_3.txt,3220517,197713,3022804,0.061391695805362925,0.938608304194637,0,349,3,15,0.06139076427790942,0.0001083676937584866,9.315274535113461e-07,201.6481683465786,132.96825846094504,0.6594072217527343,253.03276321019294,195.69751738193165,0.7734078184150674,20230530_122439_ESWW0070020_3,ESWW0070020_3,C:\Users\datir\project1\data\processed\ts\ESWW0070020_3\overlay\20230530_122439_ESWW0070020_3.png
ESWW0070020,ESWW0070020_3,3,2023-05-31 09:44:28,20230531,094428,20230531_094428_ESWW0070020_3.txt,3219885,291283,2928602,0.0904637898558489,0.9095362101441511,0,383,3,19,0.0904628581455549,0.00011894834753415106,9.317102940011833e-07,181.16541977322044,124.36376584768958,0.6864652537077212,203.06024717813258,83.14567660090945,0.40946309165068007,20230531_094428_ESWW0070020_3,ESWW0070020_3,C:\Users\datir\project1\data\processed\ts\ESWW0070020_3\overlay\20230531_094428_ESWW0070020_3.png
ESWW0070020,ESWW0070020_3,3,2023-05-31 16:44:02,20230531,164402,20230531_164402_ESWW0070020_3.txt,3220671,352591,2868080,0.1094774970805773,0.8905225029194227,0,296,4,21,0.10947625510336201,9.190631393271775e-05,1.2419772153069967e-06,173.85607236978768,119.14991210047336,0.6853364997631165,178.93957852311112,76.28388483211016,0.42631085566269866,20230531_164402_ESWW0070020_3,ESWW0070020_3,C:\Users\datir\project1\data\processed\ts\ESWW0070020_3\overlay\20230531_164402_ESWW0070020_3.png
ESWW0070020,ESWW0070020_3,3,2023-06-01 15:58:17,20230601,155817,20230601_155817_ESWW0070020_3.txt,3220649,524919,2695730,0.1629854728037734,0.8370145271962266,0,457,5,33,0.16298392032164946,0.00014189686612853497,1.5524821239445838e-06,124.614175097052,91.06310419832266,0.7307603980638712,175.81365933914986,74.70427207507143,0.42490596211847587,20230601_155817_ESWW0070020_3,ESWW0070020_3,C:\Users\datir\project1\data\processed\ts\ESWW0070020_3\overlay\20230601_155817_ESWW0070020_3.png
ESWW0070020,ESWW0070020_3,3,2023-06-02 10:49:26,20230602,104926,20230602_104926_ESWW0070020_3.txt,3220616,619031,2601585,0.1922088817791379,0.8077911182208621,0,1252,3,35,0.19220795028031903,0.00038874550707069703,9.314988188594977e-07,122.06914365602064,90.86894020477645,0.7444054859665156,169.92177001883664,74.98174562698482,0.44127215493737343,20230602_104926_ESWW0070020_3,ESWW0070020_3,C:\Users\datir\project1\data\processed\ts\ESWW0070020_3\overlay\20230602_104926_ESWW0070020_3.png
ESWW0070020,ESWW0070020_3,3,2023-06-03 10:52:11,20230603,105211,20230603_105211_ESWW0070020_3.txt,3039223,617783,2421440,0.20327004632434015,0.7967299536756599,1,715,10,38,0.20326649385928372,0.00023525757578748773,3.2903157452795483e-06,110.27222454748903,80.76329416182344,0.7323992464398187,168.82849270373706,76.60388868995481,0.4537379174756985,20230603_105211_ESWW0070020_3,ESWW0070020_3,C:\Users\datir\project1\data\processed\ts\ESWW0070020_3\overlay\20230603_105211_ESWW0070020_3.png
ESWW0070020,ESWW0070020_3,3,2023-06-04 13:26:31,20230604,132631,20230604_132631_ESWW0070020_3.txt,2427783,614040,1813743,0.25292211041925905,0.747077889580741,0,989,7,42,0.2529192271302666,0.00040736754479292427,2.8832889924676133e-06,92.42108679336614,74.29767331416805,0.8039039129704438,162.93030505564133,60.7875367001727,0.3730891971227423,20230604_132631_ESWW0070020_3,ESWW0070020_3,C:\Users\datir\project1\data\processed\ts\ESWW0070020_3\overlay\20230604_132631_ESWW0070020_3.png
ESWW0070020,ESWW0070020_3,3,2023-06-06 09:08:53,20230606,090853,20230606_090853_ESWW0070020_3.txt,3039294,1052758,1986536,0.34638241644276596,0.653617583557234,1,1904,8,48,0.3463795691958623,0.000626461482983049,2.632191104970794e-06,85.9343416908436,71.7452989451905,0.8348850707823022,167.82440626115627,53.819269847379346,0.3206879800523749,20230606_090853_ESWW0070020_3,ESWW0070020_3,C:\Users\datir\project1\data\processed\ts\ESWW0070020_3\overlay\20230606_090853_ESWW0070020_3.png
ESWW0070020,ESWW0070020_3,3,2023-06-07 16:30:50,20230607,163050,20230607_163050_ESWW0070020_3.txt,3036594,1171059,1865535,0.3856488552634959,0.6143511447365041,88,2745,7,49,0.385628745670188,0.0009039995310399519,2.3052811356210065e-06,82.41582238598737,70.6691035060177,0.8574701005232355,166.7998010232113,51.27838192133775,0.3074247187753061,20230607_163050_ESWW0070020_3,ESWW0070020_3,C:\Users\datir\project1\data\processed\ts\ESWW0070020_3\overlay\20230607_163050_ESWW0070020_3.png
ESWW0070020,ESWW0070020_3,3,2023-06-08 16:31:13,20230608,163113,20230608_163113_ESWW0070020_3.txt,2747341,1197696,1549645,0.4359473396276618,0.5640526603723381,0,1541,26,53,0.43593787593167355,0.0005609059814562517,9.463695988230074e-06,69.48647752707714,65.18003173482305,0.9380246927817577,169.3585844303064,51.853613605439094,0.30617647035646806,20230608_163113_ESWW0070020_3,ESWW0070020_3,C:\Users\datir\project1\data\processed\ts\ESWW0070020_3\overlay\20230608_163113_ESWW0070020_3.png
ESWW0070020,ESWW0070020_4,4,2023-05-25 17:28:41,20230525,172841,20230525_172841_ESWW0070020_4.txt,3497677,0,3497677,0.0,1.0,0,0,0,0,0.0,0.0,0.0,2364.887554526139,1273.8567690575496,0.5386542656624521,,,,20230525_172841_ESWW0070020_4,ESWW0070020_4,C:\Users\datir\project1\data\processed\ts\ESWW0070020_4\overlay\20230525_172841_ESWW0070020_4.png
ESWW0070020,ESWW0070020_4,4,2023-05-26 10:44:28,20230526,104428,20230526_104428_ESWW0070020_4.txt,3325412,1,3325411,3.00714618218735e-07,0.9999996992853818,0,0,1,0,0.0,0.0,3.00714618218735e-07,2379.6195323692314,1242.924050162509,0.5223204942031262,,,,20230526_104428_ESWW0070020_4,ESWW0070020_4,C:\Users\datir\project1\data\processed\ts\ESWW0070020_4\overlay\20230526_104428_ESWW0070020_4.png
ESWW0070020,ESWW0070020_4,4,2023-05-27 10:22:26,20230527,102226,20230527_102226_ESWW0070020_4.txt,3325946,1,3325945,3.0066633673547315e-07,0.9999996993336633,0,0,1,0,0.0,0.0,3.0066633673547315e-07,2379.6214153044107,1242.8353180500324,0.5222827925722983,,,,20230527_102226_ESWW0070020_4,ESWW0070020_4,C:\Users\datir\project1\data\processed\ts\ESWW0070020_4\overlay\20230527_102226_ESWW0070020_4.png
ESWW0070020,ESWW0070020_4,4,2023-05-27 16:51:03,20230527,165103,20230527_165103_ESWW0070020_4.txt,3325983,1,3325982,3.006629919635789e-07,0.999999699337008,0,0,1,0,0.0,0.0,3.006629919635789e-07,2379.6298225544892,1242.8309650212655,0.5222791180550549,,,,20230527_165103_ESWW0070020_4,ESWW0070020_4,C:\Users\datir\project1\data\processed\ts\ESWW0070020_4\overlay\20230527_165103_ESWW0070020_4.png
ESWW0070020,ESWW0070020_4,4,2023-05-29 12:23:49,20230529,122349,20230529_122349_ESWW0070020_4.txt,3325985,3972,3322013,0.0011942326859561904,0.9988057673140438,0,3,2,1,0.001193631360333856,9.019884335016544e-07,6.013256223344363e-07,1242.1375054443552,762.4913396978197,0.6138542120785979,,,,20230529_122349_ESWW0070020_4,ESWW0070020_4,C:\Users\datir\project1\data\processed\ts\ESWW0070020_4\overlay\20230529_122349_ESWW0070020_4.png
ESWW0070020,ESWW0070020_4,4,2023-05-30 12:23:53,20230530,122353,20230530_122353_ESWW0070020_4.txt,3325940,6642,3319298,0.001997029411234117,0.9980029705887659,55,1,3,2,0.0019796234686406777,3.006718512516218e-07,9.020155537548653e-07,1104.6586112649582,826.3663067751726,0.7480739283142783,683.1481905321078,0.0,0.0,20230530_122353_ESWW0070020_4,ESWW0070020_4,C:\Users\datir\project1\data\processed\ts\ESWW0070020_4\overlay\20230530_122353_ESWW0070020_4.png
ESWW0070020,ESWW0070020_4,4,2023-05-31 09:44:55,20230531,094455,20230531_094455_ESWW0070020_4.txt,3325919,10451,3315468,0.003142289394299741,0.9968577106057003,0,7,2,2,0.003141688056744617,2.104681442933517e-06,6.01337555123862e-07,1099.6813153477053,827.4952245566643,0.7524863912914814,673.0435657418537,0.0,0.0,20230531_094455_ESWW0070020_4,ESWW0070020_4,C:\Users\datir\project1\data\processed\ts\ESWW0070020_4\overlay\20230531_094455_ESWW0070020_4.png
ESWW0070020,ESWW0070020_4,4,2023-05-31 16:44:51,20230531,164451,20230531_164451_ESWW0070020_4.txt,3325999,11820,3314179,0.0035538194689775913,0.9964461805310224,0,9,2,3,0.003553218145886394,2.705953910389029e-06,6.01323091197562e-07,1057.0738338348128,859.2473378590266,0.8128546089745513,741.9960136964213,103.71078186381821,0.1397726941242709,20230531_164451_ESWW0070020_4,ESWW0070020_4,C:\Users\datir\project1\data\processed\ts\ESWW0070020_4\overlay\20230531_164451_ESWW0070020_4.png
ESWW0070020,ESWW0070020_4,4,2023-06-01 15:58:55,20230601,155855,20230601_155855_ESWW0070020_4.txt,3326017,24790,3301227,0.007453359378499869,0.9925466406215001,0,29,3,6,0.0074524573987445044,8.719137635195491e-06,9.019797553650507e-07,504.4386314557533,450.1836156832399,0.8924447645575052,535.9919568377793,93.10555447520491,0.1737069993074239,20230601_155855_ESWW0070020_4,ESWW0070020_4,C:\Users\datir\project1\data\processed\ts\ESWW0070020_4\overlay\20230601_155855_ESWW0070020_4.png
ESWW0070020,ESWW0070020_4,4,2023-06-02 10:50:01,20230602,105001,20230602_105001_ESWW0070020_4.txt,3325845,27959,3297886,0.008406585394087819,0.9915934146059122,0,54,4,7,0.008405382692218067,1.6236475241630322e-05,1.2027018697503942e-06,483.66051774249394,457.61375825627607,0.946146607939403,441.3550459666115,128.18710283510984,0.2904398714970332,20230602_105001_ESWW0070020_4,ESWW0070020_4,C:\Users\datir\project1\data\processed\ts\ESWW0070020_4\overlay\20230602_105001_ESWW0070020_4.png
ESWW0070020,ESWW0070020_4,4,2023-06-03 10:52:47,20230603,105247,20230603_105247_ESWW0070020_4.txt,3326013,33323,3292690,0.010018902511806177,0.9899810974881939,0,21,4,8,0.010017699870686014,6.313865880860959e-06,1.2026411201639922e-06,475.5517658994293,462.1517696000078,0.9718222131420802,378.60112009068945,132.76439162396215,0.3506708897009074,20230603_105247_ESWW0070020_4,ESWW0070020_4,C:\Users\datir\project1\data\processed\ts\ESWW0070020_4\overlay\20230603_105247_ESWW0070020_4.png
ESWW0070020,ESWW0070020_4,4,2023-06-04 13:26:55,20230604,132655,20230604_132655_ESWW0070020_4.txt,3326015,48726,3277289,0.014649963995953115,0.9853500360040469,0,71,13,11,0.014646055414662892,2.1346867046600812e-05,3.908581290222684e-06,466.5470464633546,469.4413099769353,1.006203583401761,303.7555133314129,152.93730698121666,0.5034881681780511,20230604_132655_ESWW0070020_4,ESWW0070020_4,C:\Users\datir\project1\data\processed\ts\ESWW0070020_4\overlay\20230604_132655_ESWW0070020_4.png
ESWW0070020,ESWW0070020_4,4,2023-06-06 09:11:43,20230606,091143,20230606_091143_ESWW0070020_4.txt,3325354,80810,3244544,0.024301172145882816,0.9756988278541172,128,136,24,13,0.024256396407341937,4.089947570480924e-05,7.217554536142807e-06,460.4067711685778,476.4078646380415,1.0347542531332687,274.6258984725238,164.15535900651423,0.5977417276358512,20230606_091143_ESWW0070020_4,ESWW0070020_4,C:\Users\datir\project1\data\processed\ts\ESWW0070020_4\overlay\20230606_091143_ESWW0070020_4.png
ESWW0070020,ESWW0070020_4,4,2023-06-07 16:31:52,20230607,163152,20230607_163152_ESWW0070020_4.txt,3325915,116808,3209107,0.03512056080807838,0.9648794391919217,875,379,23,15,0.034859731010754756,0.00011398359117484302,6.917210018526093e-06,453.51991828005754,483.04546579811904,1.0651030888125819,214.64686938588662,84.48387977125267,0.39359474476830003,20230607_163152_ESWW0070020_4,ESWW0070020_4,C:\Users\datir\project1\data\processed\ts\ESWW0070020_4\overlay\20230607_163152_ESWW0070020_4.png
ESWW0070020,ESWW0070020_4,4,2023-06-08 16:32:10,20230608,163210,20230608_163210_ESWW0070020_4.txt,3326026,159730,3166296,0.04802427882403806,0.951975721175962,396,252,31,17,0.047901600598984254,7.577511629375487e-05,9.321542083755558e-06,449.28789525969364,489.3664964679282,1.089204720694887,207.8017705996529,79.84028365795751,0.384213683201845,20230608_163210_ESWW0070020_4,ESWW0070020_4,C:\Users\datir\project1\data\processed\ts\ESWW0070020_4\overlay\20230608_163210_ESWW0070020_4.png
ESWW0070020,ESWW0070020_5,5,2023-05-25 17:29:43,20230525,172943,20230525_172943_ESWW0070020_5.txt,3572090,0,3572090,0.0,1.0,0,0,0,0,0.0,0.0,0.0,2575.156749917952,1407.5017898617593,0.546569365110145,,,,20230525_172943_ESWW0070020_5,ESWW0070020_5,C:\Users\datir\project1\data\processed\ts\ESWW0070020_5\overlay\20230525_172943_ESWW0070020_5.png
ESWW0070020,ESWW0070020_5,5,2023-05-27 10:23:13,20230527,102313,20230527_102313_ESWW0070020_5.txt,3401757,8,3401749,2.3517258875340008e-06,0.9999976482741124,0,0,8,0,0.0,0.0,2.3517258875340008e-06,2584.56185518841,1381.7624273293488,0.5346215353892626,,,,20230527_102313_ESWW0070020_5,ESWW0070020_5,C:\Users\datir\project1\data\processed\ts\ESWW0070020_5\overlay\20230527_102313_ESWW0070020_5.png
ESWW0070020,ESWW0070020_5,5,2023-05-27 16:51:32,20230527,165132,20230527_165132_ESWW0070020_5.txt,3404968,6,3404962,1.7621310978546642e-06,0.9999982378689022,0,0,6,0,0.0,0.0,1.7621310978546642e-06,2584.8779285233068,1381.4070969168522,0.5344186979483494,,,,20230527_165132_ESWW0070020_5,ESWW0070020_5,C:\Users\datir\project1\data\processed\ts\ESWW0070020_5\overlay\20230527_165132_ESWW0070020_5.png
ESWW0070020,ESWW0070020_5,5,2023-05-29 12:23:05,20230529,122305,20230529_122305_ESWW0070020_5.txt,3404627,3042,3401585,0.0008934899476506531,0.9991065100523493,0,6,8,1,0.0008911402041985804,1.7623075890545425e-06,2.3497434520727235e-06,1255.6505200211373,754.7733740560807,0.6011014705296941,,,,20230529_122305_ESWW0070020_5,ESWW0070020_5,C:\Users\datir\project1\data\processed\ts\ESWW0070020_5\overlay\20230529_122305_ESWW0070020_5.png
ESWW0070020,ESWW0070020_5,5,2023-05-30 12:23:15,20230530,122315,20230530_122315_ESWW0070020_5.txt,3405015,4499,3400516,0.0013212863966825404,0.9986787136033175,24,6,8,1,0.001311897740698874,1.7621191950287092e-06,2.349492260038279e-06,1244.341386155878,751.7770511343896,0.604156591991882,,,,20230530_122315_ESWW0070020_5,ESWW0070020_5,C:\Users\datir\project1\data\processed\ts\ESWW0070020_5\overlay\20230530_122315_ESWW0070020_5.png
ESWW0070020,ESWW0070020_5,5,2023-05-31 09:45:12,20230531,094512,20230531_094512_ESWW0070020_5.txt,3208102,6012,3202090,0.0018740052529501868,0.9981259947470498,0,8,7,1,0.001871823277439433,2.4936862980042407e-06,2.1819755107537106e-06,1151.077707723726,679.8811910798037,0.5906475179892757,,,,20230531_094512_ESWW0070020_5,ESWW0070020_5,C:\Users\datir\project1\data\processed\ts\ESWW0070020_5\overlay\20230531_094512_ESWW0070020_5.png
ESWW0070020,ESWW0070020_5,5,2023-05-31 16:45:33,20230531,164533,20230531_164533_ESWW0070020_5.txt,3405007,5316,3399691,0.0015612302705985627,0.9984387697294015,0,5,11,1,0.001557999733921252,1.468425762413998e-06,3.2305366773107956e-06,1239.5588508766532,751.3380027009295,0.6061333854133353,,,,20230531_164533_ESWW0070020_5,ESWW0070020_5,C:\Users\datir\project1\data\processed\ts\ESWW0070020_5\overlay\20230531_164533_ESWW0070020_5.png
ESWW0070020,ESWW0070020_5,5,2023-06-01 15:59:13,20230601,155913,20230601_155913_ESWW0070020_5.txt,3405012,6383,3398629,0.001874589575602083,0.998125410424398,188,5,14,2,0.0018150717922571034,1.4685046862921549e-06,4.111813121618034e-06,750.3727442420251,476.4813563413103,0.6349928885311779,2512.169702371123,0.0,0.0,20230601_155913_ESWW0070020_5,ESWW0070020_5,C:\Users\datir\project1\data\processed\ts\ESWW0070020_5\overlay\20230601_155913_ESWW0070020_5.png
ESWW0070020,ESWW0070020_5,5,2023-06-02 10:50:21,20230602,105021,20230602_105021_ESWW0070020_5.txt,3404771,10051,3394720,0.002952034072188702,0.9970479659278113,490,21,24,3,0.00280147261639095,6.168703464843237e-06,7.0499468169636995e-06,520.8234844280782,296.7079165863369,0.569689972625092,1906.0235934114464,430.9520103270798,0.2261000397984327,20230602_105021_ESWW0070020_5,ESWW0070020_5,C:\Users\datir\project1\data\processed\ts\ESWW0070020_5\overlay\20230602_105021_ESWW0070020_5.png
ESWW0070020,ESWW0070020_5,5,2023-06-03 10:53:12,20230603,105312,20230603_105312_ESWW0070020_5.txt,3405040,14370,3390670,0.004220214740502314,0.9957797852594977,0,33,47,4,0.004206411672109579,9.691516105537673e-06,1.3803068392735475e-05,507.04352547119356,298.32941607684523,0.5883704279619957,1086.0096386782352,982.7163605435876,0.9048873283847055,20230603_105312_ESWW0070020_5,ESWW0070020_5,C:\Users\datir\project1\data\processed\ts\ESWW0070020_5\overlay\20230603_105312_ESWW0070020_5.png
ESWW0070020,ESWW0070020_5,5,2023-06-04 13:27:19,20230604,132719,20230604_132719_ESWW0070020_5.txt,3404886,23936,3380950,0.007029897623591509,0.9929701023764085,0,25,77,7,0.007006695672043058,7.342389730522549e-06,2.2614560370009452e-05,302.2649094618126,158.883467228731,0.5256431105801382,533.113690089376,318.67325105399954,0.5977585212650876,20230604_132719_ESWW0070020_5,ESWW0070020_5,C:\Users\datir\project1\data\processed\ts\ESWW0070020_5\overlay\20230604_132719_ESWW0070020_5.png
ESWW0070020,ESWW0070020_5,5,2023-06-06 09:17:53,20230606,091753,20230606_091753_ESWW0070020_5.txt,3228965,49688,3179277,0.015388212631601767,0.9846117873683983,37,76,89,10,0.015349057024498533,2.353722349956394e-05,2.7563327519226194e-05,239.50689416106908,133.02777968023014,0.5554235929040463,318.8050751809718,159.43095574108094,0.5000891395802871,20230606_091753_ESWW0070020_5,ESWW0070020_5,C:\Users\datir\project1\data\processed\ts\ESWW0070020_5\overlay\20230606_091753_ESWW0070020_5.png
ESWW0070020,ESWW0070020_5,5,2023-06-07 16:32:40,20230607,163240,20230607_163240_ESWW0070020_5.txt,3228961,98995,3129966,0.03065846877679848,0.9693415312232015,5010,107,93,11,0.029123271414484897,3.318909003269591e-05,2.884659227140859e-05,223.33556796021674,129.86799883231382,0.5814926839393871,270.3529739557575,160.7064176207112,0.594431846889949,20230607_163240_ESWW0070020_5,ESWW0070020_5,C:\Users\datir\project1\data\processed\ts\ESWW0070020_5\overlay\20230607_163240_ESWW0070020_5.png
ESWW0070020,ESWW0070020_5,5,2023-06-08 16:32:47,20230608,163247,20230608_163247_ESWW0070020_5.txt,3404590,224696,3179894,0.06599796157540262,0.9340020384245974,2585,400,106,16,0.06525681179186979,0.00011757772254890866,3.1158096475460794e-05,170.55614804992334,109.83617992468686,0.6439883943235913,305.3951069216039,119.30085900550392,0.3906443040560205,20230608_163247_ESWW0070020_5,ESWW0070020_5,C:\Users\datir\project1\data\processed\ts\ESWW0070020_5\overlay\20230608_163247_ESWW0070020_5.png
ESWW0070020,ESWW0070020_6,6,2023-05-25 17:30:28,20230525,173028,20230525_173028_ESWW0070020_6.txt,3079860,236,3079624,7.66268596624522e-05,0.9999233731403375,0,0,0,0,7.66268596624522e-05,0.0,0.0,2573.0024751647043,1384.4403773991385,0.5380641452008386,,,,20230525_173028_ESWW0070020_6,ESWW0070020_6,C:\Users\datir\project1\data\processed\ts\ESWW0070020_6\overlay\20230525_173028_ESWW0070020_6.png
ESWW0070020,ESWW0070020_6,6,2023-05-26 10:14:02,20230526,101402,20230526_101402_ESWW0070020_6.txt,2886060,4741,2881319,0.0016427239904922282,0.9983572760095077,0,0,2,2,0.0016420310042064268,0.0,6.92986285801404e-07,999.2628466198317,634.4006648373295,0.6348686604163183,572.3556474228982,0.0,0.0,20230526_101402_ESWW0070020_6,ESWW0070020_6,C:\Users\datir\project1\data\processed\ts\ESWW0070020_6\overlay\20230526_101402_ESWW0070020_6.png
ESWW0070020,ESWW0070020_6,6,2023-05-27 10:23:57,20230527,102357,20230527_102357_ESWW0070020_6.txt,2886687,489,2886198,0.00016939834488463766,0.9998306016551154,0,1,4,2,0.00016801267335183898,3.46417883199668e-07,1.385671532798672e-06,999.3951642215332,634.4048350393821,0.6347887780040882,572.3556474228982,0.0,0.0,20230527_102357_ESWW0070020_6,ESWW0070020_6,C:\Users\datir\project1\data\processed\ts\ESWW0070020_6\overlay\20230527_102357_ESWW0070020_6.png
ESWW0070020,ESWW0070020_6,6,2023-05-27 16:52:10,20230527,165210,20230527_165210_ESWW0070020_6.txt,2886033,473,2885560,0.0001638927898606842,0.9998361072101393,0,0,4,2,0.00016250680432275028,0.0,1.3859855379339043e-06,999.6087390468722,634.3626625978725,0.6346109610873729,572.3556474228982,0.0,0.0,20230527_165210_ESWW0070020_6,ESWW0070020_6,C:\Users\datir\project1\data\processed\ts\ESWW0070020_6\overlay\20230527_165210_ESWW0070020_6.png
ESWW0070020,ESWW0070020_6,6,2023-05-29 12:22:37,20230529,122237,20230529_122237_ESWW0070020_6.txt,2886479,3466,2883013,0.0012007709046211665,0.9987992290953789,0,8,5,2,0.001199038690390611,2.7715427688890168e-06,1.7322142305556355e-06,996.8039838652169,633.9917813467838,0.6360245259939783,574.5445829274178,0.0,0.0,20230529_122237_ESWW0070020_6,ESWW0070020_6,C:\Users\datir\project1\data\processed\ts\ESWW0070020_6\overlay\20230529_122237_ESWW0070020_6.png
ESWW0070020,ESWW0070020_6,6,2023-05-30 12:22:44,20230530,122244,20230530_122244_ESWW0070020_6.txt,2886494,3061,2883433,0.001060456041135024,0.998939543958865,0,0,6,2,0.0010583773948603392,0.0,2.078646274684791e-06,996.8042318198208,633.986419466836,0.6360189887129546,574.5445829274178,0.0,0.0,20230530_122244_ESWW0070020_6,ESWW0070020_6,C:\Users\datir\project1\data\processed\ts\ESWW0070020_6\overlay\20230530_122244_ESWW0070020_6.png
ESWW0070020,ESWW0070020_6,6,2023-05-31 09:45:40,20230531,094540,20230531_094540_ESWW0070020_6.txt,2886239,8432,2877807,0.0029214489860333813,0.9970785510139666,0,3,6,4,0.002919370156109733,1.0394149618240209e-06,2.0788299236480417e-06,613.8717418292649,497.8583355376347,0.8110136069369734,544.2623692856722,258.54469729264696,0.4750368790551862,20230531_094540_ESWW0070020_6,ESWW0070020_6,C:\Users\datir\project1\data\processed\ts\ESWW0070020_6\overlay\20230531_094540_ESWW0070020_6.png
ESWW0070020,ESWW0070020_6,6,2023-05-31 16:46:18,20230531,164618,20230531_164618_ESWW0070020_6.txt,2886657,4365,2882292,0.0015121297750304245,0.9984878702249695,0,2,6,4,0.001510051246130039,6.928429667951544e-07,2.078528900385463e-06,612.5922400518584,500.38438140348165,0.8168310805914258,547.7501680554532,256.0036667953729,0.4673730502068154,20230531_164618_ESWW0070020_6,ESWW0070020_6,C:\Users\datir\project1\data\processed\ts\ESWW0070020_6\overlay\20230531_164618_ESWW0070020_6.png
ESWW0070020,ESWW0070020_6,6,2023-06-01 15:59:34,20230601,155934,20230601_155934_ESWW0070020_6.txt,2886657,18220,2868437,0.006311799427503857,0.9936882005724962,0,30,8,7,0.006309028055636676,1.0392644501927316e-05,2.7713718671806175e-06,307.4752120259421,226.47544958165702,0.7365649025474905,383.26056986884595,81.58252930627732,0.21286439493161363,20230601_155934_ESWW0070020_6,ESWW0070020_6,C:\Users\datir\project1\data\processed\ts\ESWW0070020_6\overlay\20230601_155934_ESWW0070020_6.png
ESWW0070020,ESWW0070020_6,6,2023-06-02 10:50:47,20230602,105047,20230602_105047_ESWW0070020_6.txt,2886310,20324,2865986,0.007041516677002817,0.9929584833229972,0,6,8,8,0.0070387449719538095,2.0787787867554075e-06,2.77170504900721e-06,280.45238824157974,221.0522013598112,0.7881986769511777,377.7327951307684,78.38616015449466,0.2075174863420528,20230602_105047_ESWW0070020_6,ESWW0070020_6,C:\Users\datir\project1\data\processed\ts\ESWW0070020_6\overlay\20230602_105047_ESWW0070020_6.png
ESWW0070020,ESWW0070020_6,6,2023-06-03 10:53:32,20230603,105332,20230603_105332_ESWW0070020_6.txt,2886456,22979,2863477,0.007960973595301643,0.9920390264046983,0,0,7,9,0.007958548476055066,0.0,2.4251192465778103e-06,278.9843732655598,220.11395072753075,0.7889830822818473,304.7386501021126,136.89032952269824,0.4492056700941238,20230603_105332_ESWW0070020_6,ESWW0070020_6,C:\Users\datir\project1\data\processed\ts\ESWW0070020_6\overlay\20230603_105332_ESWW0070020_6.png
ESWW0070020,ESWW0070020_6,6,2023-06-04 13:27:37,20230604,132737,20230604_132737_ESWW0070020_6.txt,2885300,43455,2841845,0.015060825564066129,0.9849391744359338,0,65,15,11,0.01505562679790663,2.252798669115863e-05,5.198766159498146e-06,267.00360605413556,220.9536935118322,0.8275307467833725,277.46209058259427,128.66181302583496,0.4637095206616531,20230604_132737_ESWW0070020_6,ESWW0070020_6,C:\Users\datir\project1\data\processed\ts\ESWW0070020_6\overlay\20230604_132737_ESWW0070020_6.png
ESWW0070020,ESWW0070020_6,6,2023-06-06 09:22:42,20230606,092242,20230606_092242_ESWW0070020_6.txt,2886615,66519,2820096,0.023043945936676694,0.9769560540633233,0,101,21,14,0.023036670979676887,3.498907890383719e-05,7.274956999807733e-06,231.70154865182593,172.0727290438392,0.7426481611584307,223.97041110450817,130.7307269359766,0.5836964190549955,20230606_092242_ESWW0070020_6,ESWW0070020_6,C:\Users\datir\project1\data\processed\ts\ESWW0070020_6\overlay\20230606_092242_ESWW0070020_6.png
ESWW0070020,ESWW0070020_6,6,2023-06-07 16:33:22,20230607,163322,20230607_163322_ESWW0070020_6.txt,2886741,89184,2797557,0.03089435456800593,0.9691056454319941,1382,114,25,17,0.03042151773834729,3.950981489651721e-05,8.664433091341493e-06,197.44356615039698,122.77884723732261,0.6218427352745409,244.7799031465418,231.2371024123161,0.9446735595523212,20230607_163322_ESWW0070020_6,ESWW0070020_6,C:\Users\datir\project1\data\processed\ts\ESWW0070020_6\overlay\20230607_163322_ESWW0070020_6.png
ESWW0070020,ESWW0070020_6,6,2023-06-08 16:33:26,20230608,163326,20230608_163326_ESWW0070020_6.txt,2886357,142865,2743492,0.04949664923639037,0.9505033507636096,1739,182,26,17,0.0489146223174091,6.309327612876298e-05,9.013325161251853e-06,184.16667576561446,114.54984387037084,0.6219900717334786,243.5027388644963,225.01661295138845,0.924082472339685,20230608_163326_ESWW0070020_6,ESWW0070020_6,C:\Users\datir\project1\data\processed\ts\ESWW0070020_6\overlay\20230608_163326_ESWW0070020_6.png
ESWW0070020,ESWW0070020_7,7,2023-05-25 17:30:56,20230525,173056,20230525_173056_ESWW0070020_7.txt,3499992,12,3499980,3.428579265324035e-06,0.9999965714207347,0,0,0,0,3.428579265324035e-06,0.0,0.0,2705.4986859890473,1411.7128626966567,0.5217939561410572,,,,20230525_173056_ESWW0070020_7,ESWW0070020_7,C:\Users\datir\project1\data\processed\ts\ESWW0070020_7\overlay\20230525_173056_ESWW0070020_7.png
ESWW0070020,ESWW0070020_7,7,2023-05-27 10:24:34,20230527,102434,20230527_102434_ESWW0070020_7.txt,3104969,578,3104391,0.00018615322729470085,0.9998138467727054,0,0,2,0,0.00018518703407344807,0.0,6.44128814168515e-07,2813.861979385323,1390.3990019466567,0.4941248050305523,,,,20230527_102434_ESWW0070020_7,ESWW0070020_7,C:\Users\datir\project1\data\processed\ts\ESWW0070020_7\overlay\20230527_102434_ESWW0070020_7.png
ESWW0070020,ESWW0070020_7,7,2023-05-27 16:52:50,20230527,165250,20230527_165250_ESWW0070020_7.txt,3105132,4,3105128,1.2881900028726637e-06,0.9999987118099971,0,2,2,0,6.440950014363318e-07,6.440950014363318e-07,6.440950014363318e-07,2813.9819504770317,1390.4590587548755,0.494125080837552,,,,20230527_165250_ESWW0070020_7,ESWW0070020_7,C:\Users\datir\project1\data\processed\ts\ESWW0070020_7\overlay\20230527_165250_ESWW0070020_7.png
ESWW0070020,ESWW0070020_7,7,2023-05-29 12:22:11,20230529,122211,20230529_122211_ESWW0070020_7.txt,3104633,691,3103942,0.00022257059046914724,0.9997774294095308,0,3,5,0,0.00022096009415605646,9.662977878544742e-07,1.6104963130907904e-06,2813.631189123948,1390.2962640969977,0.49412882167043376,,,,20230529_122211_ESWW0070020_7,ESWW0070020_7,C:\Users\datir\project1\data\processed\ts\ESWW0070020_7\overlay\20230529_122211_ESWW0070020_7.png
ESWW0070020,ESWW0070020_7,7,2023-05-30 12:22:14,20230530,122214,20230530_122214_ESWW0070020_7.txt,3105183,3484,3101699,0.0011219950643810686,0.998878004935619,0,0,6,1,0.0011200628111129038,0.0,1.9322532681648716e-06,1250.687217028214,828.0572520836648,0.6620818065537043,,,,20230530_122214_ESWW0070020_7,ESWW0070020_7,C:\Users\datir\project1\data\processed\ts\ESWW0070020_7\overlay\20230530_122214_ESWW0070020_7.png
ESWW0070020,ESWW0070020_7,7,2023-05-31 09:46:04,20230531,094604,20230531_094604_ESWW0070020_7.txt,3105262,2261,3103001,0.0007281189155697651,0.9992718810844302,0,5,4,1,0.0007268307794962228,1.6101700919278309e-06,1.2881360735422647e-06,1260.6510007678626,822.7715740354348,0.6526561066736826,,,,20230531_094604_ESWW0070020_7,ESWW0070020_7,C:\Users\datir\project1\data\processed\ts\ESWW0070020_7\overlay\20230531_094604_ESWW0070020_7.png
ESWW0070020,ESWW0070020_7,7,2023-05-31 16:47:35,20230531,164735,20230531_164735_ESWW0070020_7.txt,3104067,8371,3095696,0.002696784573271131,0.9973032154267288,0,8,6,2,0.002694851625303191,2.5772639572535e-06,1.932947967940125e-06,1012.2271041287596,900.5730144912876,0.8896946256605384,1278.712213142616,0.0,0.0,20230531_164735_ESWW0070020_7,ESWW0070020_7,C:\Users\datir\project1\data\processed\ts\ESWW0070020_7\overlay\20230531_164735_ESWW0070020_7.png
ESWW0070020,ESWW0070020_7,7,2023-06-01 15:59:55,20230601,155955,20230601_155955_ESWW0070020_7.txt,3105224,13377,3091847,0.0043079017809987295,0.9956920982190013,0,5,5,2,0.00430596955324318,1.6101897962916685e-06,1.6101897962916685e-06,996.2421579076567,899.7192905307086,0.9031130467519374,1277.923924712157,0.0,0.0,20230601_155955_ESWW0070020_7,ESWW0070020_7,C:\Users\datir\project1\data\processed\ts\ESWW0070020_7\overlay\20230601_155955_ESWW0070020_7.png
ESWW0070020,ESWW0070020_7,7,2023-06-02 10:51:17,20230602,105117,20230602_105117_ESWW0070020_7.txt,3104625,20821,3083804,0.006706446028103233,0.9932935539718968,0,71,9,3,0.006703547127269799,2.286910657486814e-05,2.8989008334339895e-06,514.6367919676829,349.6938636188294,0.6794964314187407,1810.8246659800425,730.2942183244187,0.40329372138808023,20230602_105117_ESWW0070020_7,ESWW0070020_7,C:\Users\datir\project1\data\processed\ts\ESWW0070020_7\overlay\20230602_105117_ESWW0070020_7.png
ESWW0070020,ESWW0070020_7,7,2023-06-03 10:53:56,20230603,105356,20230603_105356_ESWW0070020_7.txt,3105225,23996,3081229,0.0077276203817758776,0.9922723796182241,0,23,10,3,0.007724400003220378,7.406870677648158e-06,3.220378555499199e-06,510.33340223372505,351.41549159060423,0.6885998252367208,1810.6081810211924,728.7363375044562,0.4024815225862092,20230603_105356_ESWW0070020_7,ESWW0070020_7,C:\Users\datir\project1\data\processed\ts\ESWW0070020_7\overlay\20230603_105356_ESWW0070020_7.png
ESWW0070020,ESWW0070020_7,7,2023-06-04 13:27:58,20230604,132758,20230604_132758_ESWW0070020_7.txt,3105073,26896,3078177,0.00866195416339648,0.9913380458366036,0,52,23,4,0.00865422487651659,1.674678823976119e-05,7.407233259894373e-06,502.0986357586015,353.56939343690834,0.7041831390414235,1101.9900106814534,1109.352065127321,1.0066806907272372,20230604_132758_ESWW0070020_7,ESWW0070020_7,C:\Users\datir\project1\data\processed\ts\ESWW0070020_7\overlay\20230604_132758_ESWW0070020_7.png
ESWW0070020,ESWW0070020_7,7,2023-06-06 09:25:30,20230606,092530,20230606_092530_ESWW0070020_7.txt,3104477,44923,3059554,0.014470392275413862,0.9855296077245861,0,111,35,8,0.014459118234730037,3.575481474013175e-05,1.1274040683825326e-05,315.67949108134275,196.15814348297937,0.6213838688444739,656.0942031559956,548.7774490190093,0.8364308759004989,20230606_092530_ESWW0070020_7,ESWW0070020_7,C:\Users\datir\project1\data\processed\ts\ESWW0070020_7\overlay\20230606_092530_ESWW0070020_7.png
ESWW0070020,ESWW0070020_7,7,2023-06-07 16:33:55,20230607,163355,20230607_163355_ESWW0070020_7.txt,3105259,98642,3006617,0.03176611033089349,0.9682338896691065,112,149,39,10,0.03171830512371878,4.798484580601176e-05,1.2559791855264823e-05,242.72336839970959,144.40067008011687,0.5949186970836783,480.75667536954325,317.6428859549722,0.660714457497256,20230607_163355_ESWW0070020_7,ESWW0070020_7,C:\Users\datir\project1\data\processed\ts\ESWW0070020_7\overlay\20230607_163355_ESWW0070020_7.png
ESWW0070020,ESWW0070020_7,7,2023-06-08 16:33:59,20230608,163359,20230608_163359_ESWW0070020_7.txt,3104839,214975,2889864,0.06923869482443373,0.9307613051755663,0,323,52,14,0.06922162469615976,0.00010403115910357993,1.6748050382000485e-05,214.0122240193963,142.08841228000682,0.6639266188230869,341.71642519992247,289.01296769246886,0.8457684394988645,20230608_163359_ESWW0070020_7,ESWW0070020_7,C:\Users\datir\project1\data\processed\ts\ESWW0070020_7\overlay\20230608_163359_ESWW0070020_7.png
ESWW0070020,ESWW0070020_8,8,2023-05-25 17:31:45,20230525,173145,20230525_173145_ESWW0070020_8.txt,2803887,5820,2798067,0.0020756899261632155,0.9979243100738368,0,0,0,1,0.0020756899261632155,0.0,0.0,1455.9199028158284,981.3088202267231,0.6740129167331379,,,,20230525_173145_ESWW0070020_8,ESWW0070020_8,C:\Users\datir\project1\data\processed\ts\ESWW0070020_8\overlay\20230525_173145_ESWW0070020_8.png
ESWW0070020,ESWW0070020_8,8,2023-05-27 10:25:12,20230527,102512,20230527_102512_ESWW0070020_8.txt,2584310,8657,2575653,0.003349830322213666,0.9966501696777863,144,6,0,1,0.0032942930136841053,2.321832266193426e-06,0.0,1470.286876760994,975.7697725378627,0.6636594449427854,,,,20230527_102512_ESWW0070020_8,ESWW0070020_8,C:\Users\datir\project1\data\processed\ts\ESWW0070020_8\overlay\20230527_102512_ESWW0070020_8.png
ESWW0070020,ESWW0070020_8,8,2023-05-27 16:54:08,20230527,165408,20230527_165408_ESWW0070020_8.txt,2585904,11132,2574772,0.004304877520588545,0.9956951224794115,0,59,0,1,0.004304877520588545,2.2816005543902634e-05,0.0,1455.843690773946,976.0949446114561,0.6704668576696932,,,,20230527_165408_ESWW0070020_8,ESWW0070020_8,C:\Users\datir\project1\data\processed\ts\ESWW0070020_8\overlay\20230527_165408_ESWW0070020_8.png
ESWW0070020,ESWW0070020_8,8,2023-05-29 12:21:43,20230529,122143,20230529_122143_ESWW0070020_8.txt,2585880,23799,2562081,0.009203443315235045,0.990796556684765,94,50,0,3,0.009167425301243027,1.9336480281044138e-05,0.0,902.7856337638724,701.740108577863,0.7773053561477101,439.4080984052428,96.59583411683873,0.2198317110390476,20230529_122143_ESWW0070020_8,ESWW0070020_8,C:\Users\datir\project1\data\processed\ts\ESWW0070020_8\overlay\20230529_122143_ESWW0070020_8.png
ESWW0070020,ESWW0070020_8,8,2023-05-30 12:21:51,20230530,122151,20230530_122151_ESWW0070020_8.txt,2585894,35881,2550013,0.013875665437175692,0.9861243345628243,54,110,1,5,0.01385468551805216,4.253936825170931e-05,3.8672152956099373e-07,631.1662502347725,555.5947030410482,0.8802668121661856,552.4870564443261,240.1107152098119,0.434599711267639,20230530_122151_ESWW0070020_8,ESWW0070020_8,C:\Users\datir\project1\data\processed\ts\ESWW0070020_8\overlay\20230530_122151_ESWW0070020_8.png
ESWW0070020,ESWW0070020_8,8,2023-05-31 09:46:24,20230531,094624,20230531_094624_ESWW0070020_8.txt,2585901,59628,2526273,0.02305888740520229,0.9769411125947978,0,94,3,11,0.023057727267981255,3.635096625895578e-05,1.1601372210305035e-06,243.89455878481107,138.89756091271175,0.569498399655818,357.10391729184556,250.0513778567161,0.7002202041159911,20230531_094624_ESWW0070020_8,ESWW0070020_8,C:\Users\datir\project1\data\processed\ts\ESWW0070020_8\overlay\20230531_094624_ESWW0070020_8.png
ESWW0070020,ESWW0070020_8,8,2023-05-31 16:48:00,20230531,164800,20230531_164800_ESWW0070020_8.txt,2585904,86667,2499237,0.033515165296159485,0.9664848347038405,1046,89,7,12,0.03312135521564434,3.443129177695641e-05,2.7080791285246616e-06,239.21361506016314,141.4281976847676,0.591221355227619,330.4039103046742,241.43737741164014,0.7307340194279309,20230531_164800_ESWW0070020_8,ESWW0070020_8,C:\Users\datir\project1\data\processed\ts\ESWW0070020_8\overlay\20230531_164800_ESWW0070020_8.png
ESWW0070020,ESWW0070020_8,8,2023-06-01 16:00:15,20230601,160015,20230601_160015_ESWW0070020_8.txt,2585873,227911,2357962,0.08813696573652302,0.9118630342634769,125,85,8,13,0.08808979065245337,3.287249956298913e-05,3.093882311810741e-06,227.71592049132641,138.21647375875318,0.6069688648054705,318.82611743418414,241.9323197794142,0.7588221495980696,20230601_160015_ESWW0070020_8,ESWW0070020_8,C:\Users\datir\project1\data\processed\ts\ESWW0070020_8\overlay\20230601_160015_ESWW0070020_8.png
ESWW0070020,ESWW0070020_8,8,2023-06-02 10:51:41,20230602,105141,20230602_105141_ESWW0070020_8.txt,2585870,266687,2319183,0.10313240804835509,0.8968675919516449,1432,183,13,19,0.10263043648174187,7.080843107863296e-05,5.030107125804527e-06,201.23708716221824,132.42189751822434,0.6580392281840095,198.2042357959553,129.79443686877727,0.6548519830948333,20230602_105141_ESWW0070020_8,ESWW0070020_8,C:\Users\datir\project1\data\processed\ts\ESWW0070020_8\overlay\20230602_105141_ESWW0070020_8.png
ESWW0070020,ESWW0070020_8,8,2023-06-03 10:54:31,20230603,105431,20230603_105431_ESWW0070020_8.txt,2585904,429066,2156838,0.16592495313051064,0.8340750468694893,128,293,50,25,0.16586432854199282,0.0001133122126587918,1.933655506122727e-05,184.70906673242047,128.80009671780908,0.6973133425247384,167.62201700175373,127.52667177847202,0.7607990528901569,20230603_105431_ESWW0070020_8,ESWW0070020_8,C:\Users\datir\project1\data\processed\ts\ESWW0070020_8\overlay\20230603_105431_ESWW0070020_8.png
ESWW0070020,ESWW0070020_8,8,2023-06-04 13:28:17,20230604,132817,20230604_132817_ESWW0070020_8.txt,2585122,580381,2004741,0.2245081663457276,0.7754918336542724,0,103,26,27,0.22449810879331808,3.984338069924746e-05,1.0057552409518777e-05,176.96335753209755,121.10097523116688,0.6843279700386654,156.34905575574328,94.2414553573756,0.602763188442945,20230604_132817_ESWW0070020_8,ESWW0070020_8,C:\Users\datir\project1\data\processed\ts\ESWW0070020_8\overlay\20230604_132817_ESWW0070020_8.png
ESWW0070020,ESWW0070020_8,8,2023-06-06 09:29:47,20230606,092947,20230606_092947_ESWW0070020_8.txt,2585875,762257,1823618,0.29477720307439453,0.7052227969256054,0,1355,47,28,0.2947586406922222,0.0005240005800744428,1.8175665877120896e-05,178.29867740536366,117.46607390065849,0.6588162941534238,151.98432505643376,83.80573177641759,0.551410362517973,20230606_092947_ESWW0070020_8,ESWW0070020_8,C:\Users\datir\project1\data\processed\ts\ESWW0070020_8\overlay\20230606_092947_ESWW0070020_8.png
ESWW0070020,ESWW0070020_8,8,2023-06-07 16:34:37,20230607,163437,20230607_163437_ESWW0070020_8.txt,2585487,828471,1757016,0.320431315260916,0.6795686847390839,71,1846,47,29,0.32039447423548084,0.0007140050189215198,1.817889268110045e-05,174.35769650294716,115.64559054690152,0.663266336194954,148.83030825701323,81.48905667519834,0.5475299865298665,20230607_163437_ESWW0070020_8,ESWW0070020_8,C:\Users\datir\project1\data\processed\ts\ESWW0070020_8\overlay\20230607_163437_ESWW0070020_8.png
ESWW0070020,ESWW0070020_8,8,2023-06-08 16:34:24,20230608,163424,20230608_163424_ESWW0070020_8.txt,1740694,578897,1161797,0.3325667808356897,0.6674332191643103,0,417,53,37,0.3325363332096279,0.00023955962392011463,3.0447626061789147e-05,94.0232242223915,82.0054640021429,0.8721830662621907,137.60071873845493,97.50656702192681,0.7086196054488841,20230608_163424_ESWW0070020_8,ESWW0070020_8,C:\Users\datir\project1\data\processed\ts\ESWW0070020_8\overlay\20230608_163424_ESWW0070020_8.png
ESWW0070020,ESWW0070020_9,9,2023-05-25 17:32:37,20230525,173237,20230525_173237_ESWW0070020_9.txt,2985078,0,2985078,0.0,1.0,0,0,0,0,0.0,0.0,0.0,2518.626591013325,1385.0404613369615,0.5499189384718259,,,,20230525_173237_ESWW0070020_9,ESWW0070020_9,C:\Users\datir\project1\data\processed\ts\ESWW0070020_9\overlay\20230525_173237_ESWW0070020_9.png
ESWW0070020,ESWW0070020_9,9,2023-05-27 10:25:55,20230527,102555,20230527_102555_ESWW0070020_9.txt,2770978,5,2770973,1.8044170686306424e-06,0.9999981955829313,0,0,5,0,0.0,0.0,1.8044170686306424e-06,2535.7146018881645,1344.4463381903608,0.5302041235986291,,,,20230527_102555_ESWW0070020_9,ESWW0070020_9,C:\Users\datir\project1\data\processed\ts\ESWW0070020_9\overlay\20230527_102555_ESWW0070020_9.png
ESWW0070020,ESWW0070020_9,9,2023-05-27 16:54:42,20230527,165442,20230527_165442_ESWW0070020_9.txt,2772204,5,2772199,1.80361906988086e-06,0.9999981963809301,0,0,5,0,0.0,0.0,1.80361906988086e-06,2536.396120977347,1344.5413498273595,0.530099119261099,,,,20230527_165442_ESWW0070020_9,ESWW0070020_9,C:\Users\datir\project1\data\processed\ts\ESWW0070020_9\overlay\20230527_165442_ESWW0070020_9.png
ESWW0070020,ESWW0070020_9,9,2023-05-29 12:21:11,20230529,122111,20230529_122111_ESWW0070020_9.txt,2771728,11,2771717,3.968643387807173e-06,0.9999960313566122,0,0,11,0,0.0,0.0,3.968643387807173e-06,2536.6311766580548,1344.5353223807274,0.530047621724857,,,,20230529_122111_ESWW0070020_9,ESWW0070020_9,C:\Users\datir\project1\data\processed\ts\ESWW0070020_9\overlay\20230529_122111_ESWW0070020_9.png
ESWW0070020,ESWW0070020_9,9,2023-05-30 12:21:24,20230530,122124,20230530_122124_ESWW0070020_9.txt,2772204,309,2771895,0.00011146365851863716,0.9998885363414813,0,0,11,0,0.00010749569656489927,0.0,3.967961953737892e-06,2536.396120977347,1344.5413498273595,0.530099119261099,,,,20230530_122124_ESWW0070020_9,ESWW0070020_9,C:\Users\datir\project1\data\processed\ts\ESWW0070020_9\overlay\20230530_122124_ESWW0070020_9.png
ESWW0070020,ESWW0070020_9,9,2023-05-31 16:48:26,20230531,164826,20230531_164826_ESWW0070020_9.txt,2763516,5168,2758348,0.0018700814469682825,0.9981299185530317,0,6,17,2,0.00186392986326115,2.17114719075265e-06,6.151583707132508e-06,908.831743221464,652.0771068850783,0.7174893612031112,1239.7910510054644,0.0,0.0,20230531_164826_ESWW0070020_9,ESWW0070020_9,C:\Users\datir\project1\data\processed\ts\ESWW0070020_9\overlay\20230531_164826_ESWW0070020_9.png
ESWW0070020,ESWW0070020_9,9,2023-06-01 16:00:35,20230601,160035,20230601_160035_ESWW0070020_9.txt,2772204,15252,2756952,0.005501759610764575,0.9944982403892354,0,8,32,4,0.005489855724903362,2.8857905118093764e-06,1.1543162047237505e-05,790.9807317910053,702.7628556933627,0.8884702590695323,602.3057195005284,272.2604279492803,0.4520302881650478,20230601_160035_ESWW0070020_9,ESWW0070020_9,C:\Users\datir\project1\data\processed\ts\ESWW0070020_9\overlay\20230601_160035_ESWW0070020_9.png
ESWW0070020,ESWW0070020_9,9,2023-06-02 10:52:07,20230602,105207,20230602_105207_ESWW0070020_9.txt,2772204,18662,2753542,0.006731827816423322,0.9932681721835767,0,13,37,4,0.006717759587678252,4.6894095816902364e-06,1.3346781117118365e-05,783.6354971193468,701.0828098371142,0.8946542268877593,600.9467067918276,269.4838298891042,0.44843216019562177,20230602_105207_ESWW0070020_9,ESWW0070020_9,C:\Users\datir\project1\data\processed\ts\ESWW0070020_9\overlay\20230602_105207_ESWW0070020_9.png
ESWW0070020,ESWW0070020_9,9,2023-06-03 10:54:55,20230603,105455,20230603_105455_ESWW0070020_9.txt,2771088,36535,2734553,0.01318435213894326,0.9868156478610567,0,50,45,6,0.013167391291795857,1.8043454412129822e-05,1.623910897091684e-05,637.6337907070641,624.8338996478365,0.9799259524106556,419.9115775513512,156.21519142442128,0.37201925304218997,20230603_105455_ESWW0070020_9,ESWW0070020_9,C:\Users\datir\project1\data\processed\ts\ESWW0070020_9\overlay\20230603_105455_ESWW0070020_9.png
ESWW0070020,ESWW0070020_9,9,2023-06-04 13:28:34,20230604,132834,20230604_132834_ESWW0070020_9.txt,2772204,56536,2715668,0.02039388154695686,0.9796061184530431,0,79,54,9,0.020373681013374195,2.849718130411759e-05,1.9479085954713288e-05,531.3928791809011,561.5659880488652,1.056781168980799,316.49099769923157,90.57976545698553,0.286200132438097,20230604_132834_ESWW0070020_9,ESWW0070020_9,C:\Users\datir\project1\data\processed\ts\ESWW0070020_9\overlay\20230604_132834_ESWW0070020_9.png
ESWW0070020,ESWW0070020_9,9,2023-06-06 09:35:08,20230606,093508,20230606_093508_ESWW0070020_9.txt,2767801,115386,2652415,0.0416886907693147,0.9583113092306853,0,260,57,13,0.041666651612597874,9.393738928485104e-05,2.0593966112448113e-05,415.0389541459218,468.4227573192646,1.1286235969903051,277.04361508553035,67.49109018329172,0.24361178712765322,20230606_093508_ESWW0070020_9,ESWW0070020_9,C:\Users\datir\project1\data\processed\ts\ESWW0070020_9\overlay\20230606_093508_ESWW0070020_9.png
ESWW0070020,ESWW0070020_9,9,2023-06-08 16:35:05,20230608,163505,20230608_163505_ESWW0070020_9.txt,2770393,323823,2446570,0.11688702649768462,0.8831129735023153,0,497,75,24,0.11685995452630728,0.0001793969303272135,2.7071971377346102e-05,125.9870018284243,99.6333000508899,0.7908220578705075,231.50190405836346,149.45602298530946,0.6455930615051461,20230608_163505_ESWW0070020_9,ESWW0070020_9,C:\Users\datir\project1\data\processed\ts\ESWW0070020_9\overlay\20230608_163505_ESWW0070020_9.png
ESWW0070023,ESWW0070023_1,1,2023-05-25 17:39:44,20230525,173944,20230525_173944_ESWW0070023_1.txt,4475935,170,4475765,3.798089114341473e-05,0.9999620191088566,136,0,0,0,7.596409043390912e-06,0.0,0.0,3096.7910701392248,1660.2992008652727,0.5361353618184611,,,,20230525_173944_ESWW0070023_1,ESWW0070023_1,C:\Users\datir\project1\data\processed\ts\ESWW0070023_1\overlay\20230525_173944_ESWW0070023_1.png
ESWW0070023,ESWW0070023_1,1,2023-05-26 12:58:18,20230526,125818,20230526_125818_ESWW0070023_1.txt,3938152,0,3938152,0.0,1.0,0,0,0,0,0.0,0.0,0.0,3378.6399776843837,1518.8913854273223,0.44955703935887364,,,,20230526_125818_ESWW0070023_1,ESWW0070023_1,C:\Users\datir\project1\data\processed\ts\ESWW0070023_1\overlay\20230526_125818_ESWW0070023_1.png
ESWW0070023,ESWW0070023_1,1,2023-05-27 10:34:22,20230527,103422,20230527_103422_ESWW0070023_1.txt,4206113,350,4205763,8.321221992847078e-05,0.9999167877800715,274,0,0,0,1.8070116331129176e-05,0.0,0.0,3195.0169010828176,1631.704573035566,0.5107029551181929,,,,20230527_103422_ESWW0070023_1,ESWW0070023_1,C:\Users\datir\project1\data\processed\ts\ESWW0070023_1\overlay\20230527_103422_ESWW0070023_1.png
ESWW0070023,ESWW0070023_1,1,2023-05-27 16:57:59,20230527,165759,20230527_165759_ESWW0070023_1.txt,4206103,36,4206067,8.55899154157661e-06,0.9999914410084584,0,0,0,0,8.55899154157661e-06,0.0,0.0,3195.014300940678,1631.7073449740133,0.510704238317057,,,,20230527_165759_ESWW0070023_1,ESWW0070023_1,C:\Users\datir\project1\data\processed\ts\ESWW0070023_1\overlay\20230527_165759_ESWW0070023_1.png
ESWW0070023,ESWW0070023_1,1,2023-05-29 12:27:51,20230529,122751,20230529_122751_ESWW0070023_1.txt,4205949,0,4205949,0.0,1.0,0,0,0,0,0.0,0.0,0.0,3194.960746566052,1631.7011175848913,0.5107108496837233,,,,20230529_122751_ESWW0070023_1,ESWW0070023_1,C:\Users\datir\project1\data\processed\ts\ESWW0070023_1\overlay\20230529_122751_ESWW0070023_1.png
ESWW0070023,ESWW0070023_1,1,2023-05-30 12:28:33,20230530,122833,20230530_122833_ESWW0070023_1.txt,4206149,1,4206148,2.3774716492449507e-07,0.999999762252835,0,0,1,0,0.0,0.0,2.3774716492449507e-07,3195.0747077081173,1631.7543303011012,0.5107092883820507,,,,20230530_122833_ESWW0070023_1,ESWW0070023_1,C:\Users\datir\project1\data\processed\ts\ESWW0070023_1\overlay\20230530_122833_ESWW0070023_1.png
ESWW0070023,ESWW0070023_1,1,2023-05-31 09:47:52,20230531,094752,20230531_094752_ESWW0070023_1.txt,4205469,979,4204490,0.000232792109512637,0.9997672078904873,807,0,0,0,4.090697421100674e-05,0.0,0.0,3195.104520183998,1631.8452752289381,0.5107329869556081,,,,20230531_094752_ESWW0070023_1,ESWW0070023_1,C:\Users\datir\project1\data\processed\ts\ESWW0070023_1\overlay\20230531_094752_ESWW0070023_1.png
ESWW0070023,ESWW0070023_1,1,2023-05-31 16:49:42,20230531,164942,20230531_164942_ESWW0070023_1.txt,4206034,316,4205718,7.513015824408456e-05,0.9999248698417559,112,0,1,0,4.826527928953509e-05,0.0,2.3775999650017284e-07,3195.0273014339814,1631.7422408109624,0.5107130821945118,,,,20230531_164942_ESWW0070023_1,ESWW0070023_1,C:\Users\datir\project1\data\processed\ts\ESWW0070023_1\overlay\20230531_164942_ESWW0070023_1.png
ESWW0070023,ESWW0070023_1,1,2023-06-01 16:01:40,20230601,160140,20230601_160140_ESWW0070023_1.txt,4206125,410,4205715,9.747689381556659e-05,0.9999025231061844,319,0,7,0,1.99723905477333e-05,0.0,1.664365878977775e-06,3195.045908878813,1631.7312493976253,0.5107066677393136,,,,20230601_160140_ESWW0070023_1,ESWW0070023_1,C:\Users\datir\project1\data\processed\ts\ESWW0070023_1\overlay\20230601_160140_ESWW0070023_1.png
ESWW0070023,ESWW0070023_1,1,2023-06-02 10:53:13,20230602,105313,20230602_105313_ESWW0070023_1.txt,4206039,214,4205825,5.0879223896877796e-05,0.9999491207761031,148,1,0,0,1.5692275429867297e-05,2.377617489373833e-07,0.0,3195.0081235844464,1631.7207584208932,0.5107094239842754,,,,20230602_105313_ESWW0070023_1,ESWW0070023_1,C:\Users\datir\project1\data\processed\ts\ESWW0070023_1\overlay\20230602_105313_ESWW0070023_1.png
ESWW0070023,ESWW0070023_1,1,2023-06-03 10:56:53,20230603,105653,20230603_105653_ESWW0070023_1.txt,4206068,805,4205263,0.00019139015346399536,0.999808609846536,627,0,4,0,4.137497113857976e-05,0.0,9.511487618064312e-07,3195.043986957917,1631.7490423203935,0.5107125438589105,,,,20230603_105653_ESWW0070023_1,ESWW0070023_1,C:\Users\datir\project1\data\processed\ts\ESWW0070023_1\overlay\20230603_105653_ESWW0070023_1.png
ESWW0070023,ESWW0070023_1,1,2023-06-04 13:29:29,20230604,132929,20230604_132929_ESWW0070023_1.txt,4206148,396,4205752,9.414789969349628e-05,0.9999058521003065,296,0,3,0,2.306310350435536e-05,0.0,7.132918609594441e-07,3195.074135842802,1631.7540697869913,0.5107092982543782,,,,20230604_132929_ESWW0070023_1,ESWW0070023_1,C:\Users\datir\project1\data\processed\ts\ESWW0070023_1\overlay\20230604_132929_ESWW0070023_1.png
ESWW0070023,ESWW0070023_1,1,2023-06-06 09:43:25,20230606,094325,20230606_094325_ESWW0070023_1.txt,4101898,1209,4100689,0.0002947416049838392,0.9997052583950161,937,0,2,0,6.583822669857139e-05,0.0,4.876905681375658e-07,3263.985450716888,1592.0878574162816,0.4877741893937064,,,,20230606_094325_ESWW0070023_1,ESWW0070023_1,C:\Users\datir\project1\data\processed\ts\ESWW0070023_1\overlay\20230606_094325_ESWW0070023_1.png
ESWW0070023,ESWW0070023_1,1,2023-06-06 12:22:10,20230606,122210,20230606_122210_ESWW0070023_1.txt,4206027,1,4206026,2.3775406101767772e-07,0.999999762245939,0,0,1,0,0.0,0.0,2.3775406101767772e-07,3195.0099816561483,1631.7268300394978,0.5107110273232025,,,,20230606_122210_ESWW0070023_1,ESWW0070023_1,C:\Users\datir\project1\data\processed\ts\ESWW0070023_1\overlay\20230606_122210_ESWW0070023_1.png
ESWW0070023,ESWW0070023_1,1,2023-06-07 16:19:42,20230607,161942,20230607_161942_ESWW0070023_1.txt,4206209,1455,4204754,0.0003459171905152597,0.9996540828094848,922,0,2,0,0.00012626962202579752,0.0,4.7559179670733534e-07,3195.0788260383,1631.7380015415417,0.5107035195012061,,,,20230607_161942_ESWW0070023_1,ESWW0070023_1,C:\Users\datir\project1\data\processed\ts\ESWW0070023_1\overlay\20230607_161942_ESWW0070023_1.png
ESWW0070023,ESWW0070023_1,1,2023-06-08 11:14:39,20230608,111439,20230608_111439_ESWW0070023_1.txt,4205939,5185,4200754,0.0012327805990529107,0.998767219400947,526,1,2,1,0.001107382318930388,2.3778877365909127e-07,4.7557754731818255e-07,2519.9532254172955,1564.7361620817917,0.6209385738985996,,,,20230608_111439_ESWW0070023_1,ESWW0070023_1,C:\Users\datir\project1\data\processed\ts\ESWW0070023_1\overlay\20230608_111439_ESWW0070023_1.png
ESWW0070023,ESWW0070023_10,10,2023-05-25 17:41:11,20230525,174111,20230525_174111_ESWW0070023_10.txt,3397111,0,3397111,0.0,1.0,0,0,0,0,0.0,0.0,0.0,2973.5569185590844,1644.1476146550456,0.5529228663467995,,,,20230525_174111_ESWW0070023_10,ESWW0070023_10,C:\Users\datir\project1\data\processed\ts\ESWW0070023_10\overlay\20230525_174111_ESWW0070023_10.png
ESWW0070023,ESWW0070023_10,10,2023-05-26 13:00:07,20230526,130007,20230526_130007_ESWW0070023_10.txt,3200344,0,3200344,0.0,1.0,0,0,0,0,0.0,0.0,0.0,3020.2729035991865,1616.0750503766988,0.5350758365083039,,,,20230526_130007_ESWW0070023_10,ESWW0070023_10,C:\Users\datir\project1\data\processed\ts\ESWW0070023_10\overlay\20230526_130007_ESWW0070023_10.png
ESWW0070023,ESWW0070023_10,10,2023-05-27 10:39:34,20230527,103934,20230527_103934_ESWW0070023_10.txt,3200199,0,3200199,0.0,1.0,0,0,0,0,0.0,0.0,0.0,3020.1795263980343,1616.0520965330445,0.5350847796986431,,,,20230527_103934_ESWW0070023_10,ESWW0070023_10,C:\Users\datir\project1\data\processed\ts\ESWW0070023_10\overlay\20230527_103934_ESWW0070023_10.png
ESWW0070023,ESWW0070023_10,10,2023-05-27 17:03:07,20230527,170307,20230527_170307_ESWW0070023_10.txt,3039804,0,3039804,0.0,1.0,0,0,0,0,0.0,0.0,0.0,2884.6263135184645,1542.4638198403682,0.534718764996281,,,,20230527_170307_ESWW0070023_10,ESWW0070023_10,C:\Users\datir\project1\data\processed\ts\ESWW0070023_10\overlay\20230527_170307_ESWW0070023_10.png
ESWW0070023,ESWW0070023_10,10,2023-05-29 12:34:00,20230529,123400,20230529_123400_ESWW0070023_10.txt,3199265,0,3199265,0.0,1.0,0,0,0,0,0.0,0.0,0.0,3020.1466032417084,1616.3334926522962,0.535183785753111,,,,20230529_123400_ESWW0070023_10,ESWW0070023_10,C:\Users\datir\project1\data\processed\ts\ESWW0070023_10\overlay\20230529_123400_ESWW0070023_10.png
ESWW0070023,ESWW0070023_10,10,2023-05-30 12:33:23,20230530,123323,20230530_123323_ESWW0070023_10.txt,3200326,0,3200326,0.0,1.0,0,0,0,0,0.0,0.0,0.0,3020.2914772334098,1616.092386744129,0.5350782859621455,,,,20230530_123323_ESWW0070023_10,ESWW0070023_10,C:\Users\datir\project1\data\processed\ts\ESWW0070023_10\overlay\20230530_123323_ESWW0070023_10.png
ESWW0070023,ESWW0070023_10,10,2023-05-31 09:52:51,20230531,095251,20230531_095251_ESWW0070023_10.txt,3200233,0,3200233,0.0,1.0,0,0,0,0,0.0,0.0,0.0,3020.2876321465383,1616.1173440775883,0.5350872303936838,,,,20230531_095251_ESWW0070023_10,ESWW0070023_10,C:\Users\datir\project1\data\processed\ts\ESWW0070023_10\overlay\20230531_095251_ESWW0070023_10.png
ESWW0070023,ESWW0070023_2,2,2023-05-25 17:38:25,20230525,173825,20230525_173825_ESWW0070023_2.txt,3793509,2538,3790971,0.0006690375586297541,0.9993309624413702,2060,0,0,0,0.00012607317149722968,0.0,0.0,2934.3765526858465,1548.6158030921947,0.5277495151993157,,,,20230525_173825_ESWW0070023_2,ESWW0070023_2,C:\Users\datir\project1\data\processed\ts\ESWW0070023_2\overlay\20230525_173825_ESWW0070023_2.png
ESWW0070023,ESWW0070023_2,2,2023-05-27 10:35:31,20230527,103531,20230527_103531_ESWW0070023_2.txt,3508210,2880,3505330,0.0008209314721752688,0.9991790685278247,0,5,0,1,0.0008209314721752688,1.4252282503042863e-06,0.0,1363.1000323109636,793.6656582308145,0.5822504874313992,,,,20230527_103531_ESWW0070023_2,ESWW0070023_2,C:\Users\datir\project1\data\processed\ts\ESWW0070023_2\overlay\20230527_103531_ESWW0070023_2.png
ESWW0070023,ESWW0070023_2,2,2023-05-27 16:58:34,20230527,165834,20230527_165834_ESWW0070023_2.txt,3509705,3855,3505850,0.001098382912523987,0.998901617087476,111,19,0,1,0.001066790061756431,5.413731616819496e-06,0.0,1359.0235803278213,793.4475342051538,0.5838364732521858,,,,20230527_165834_ESWW0070023_2,ESWW0070023_2,C:\Users\datir\project1\data\processed\ts\ESWW0070023_2\overlay\20230527_165834_ESWW0070023_2.png
ESWW0070023,ESWW0070023_2,2,2023-05-29 12:28:44,20230529,122844,20230529_122844_ESWW0070023_2.txt,3507782,6869,3500913,0.0019582174718953457,0.9980417825281046,965,16,5,1,0.0016821522195198666,4.56254204311203e-06,1.4257943884725094e-06,1347.353909178277,792.3186646313793,0.5880553425748384,,,,20230529_122844_ESWW0070023_2,ESWW0070023_2,C:\Users\datir\project1\data\processed\ts\ESWW0070023_2\overlay\20230529_122844_ESWW0070023_2.png
ESWW0070023,ESWW0070023_2,2,2023-05-30 12:29:04,20230530,122904,20230530_122904_ESWW0070023_2.txt,3509710,6988,3502722,0.00199104769339917,0.9980089523066008,700,35,1,1,0.001791673434957438,9.974323242168019e-06,2.849806640619434e-07,1341.6475946865041,791.4640745143772,0.5899194972278204,,,,20230530_122904_ESWW0070023_2,ESWW0070023_2,C:\Users\datir\project1\data\processed\ts\ESWW0070023_2\overlay\20230530_122904_ESWW0070023_2.png
ESWW0070023,ESWW0070023_2,2,2023-05-31 09:48:25,20230531,094825,20230531_094825_ESWW0070023_2.txt,3509139,7862,3501277,0.0022404356168279457,0.997759564383172,782,15,4,1,0.002016898508333103,4.275505599914718e-06,1.1401348266439248e-06,1340.6974746319836,790.4963653657783,0.5896157636776086,,,,20230531_094825_ESWW0070023_2,ESWW0070023_2,C:\Users\datir\project1\data\processed\ts\ESWW0070023_2\overlay\20230531_094825_ESWW0070023_2.png
ESWW0070023,ESWW0070023_2,2,2023-05-31 16:50:16,20230531,165016,20230531_165016_ESWW0070023_2.txt,3509710,7993,3501717,0.0022773961381424676,0.9977226038618575,75,12,6,1,0.002254365482450454,3.419158972371771e-06,1.7095794861858854e-06,1332.0605547852115,789.9923336154385,0.5930603761049145,,,,20230531_165016_ESWW0070023_2,ESWW0070023_2,C:\Users\datir\project1\data\processed\ts\ESWW0070023_2\overlay\20230531_165016_ESWW0070023_2.png
ESWW0070023,ESWW0070023_2,2,2023-06-01 16:02:03,20230601,160203,20230601_160203_ESWW0070023_2.txt,3402806,12779,3390027,0.0037554300774125826,0.9962445699225874,748,20,6,2,0.0035346252180297926,5.878794541421693e-06,1.7636383624265077e-06,1042.5072539048806,835.4029545628832,0.8013401839015944,1658.3179954348768,0.0,0.0,20230601_160203_ESWW0070023_2,ESWW0070023_2,C:\Users\datir\project1\data\processed\ts\ESWW0070023_2\overlay\20230601_160203_ESWW0070023_2.png
ESWW0070023,ESWW0070023_2,2,2023-06-02 10:53:40,20230602,105340,20230602_105340_ESWW0070023_2.txt,3509653,16440,3493213,0.004684223767990739,0.9953157762320093,965,29,7,2,0.004408485450971987,8.265197703529068e-06,1.9950477215414994e-06,1020.6166563361259,824.7788786400284,0.8081181837663435,1658.2873943044153,0.0,0.0,20230602_105340_ESWW0070023_2,ESWW0070023_2,C:\Users\datir\project1\data\processed\ts\ESWW0070023_2\overlay\20230602_105340_ESWW0070023_2.png
ESWW0070023,ESWW0070023_2,2,2023-06-03 10:58:11,20230603,105811,20230603_105811_ESWW0070023_2.txt,3395006,18197,3376809,0.0053599316172048,0.9946400683827952,32,49,11,2,0.005347316356472833,1.4433100224037063e-05,3.240083723763422e-06,1006.6594295883979,826.0563440013751,0.8205916715439028,1683.0307031330221,0.0,0.0,20230603_105811_ESWW0070023_2,ESWW0070023_2,C:\Users\datir\project1\data\processed\ts\ESWW0070023_2\overlay\20230603_105811_ESWW0070023_2.png
ESWW0070023,ESWW0070023_2,2,2023-06-04 13:29:51,20230604,132951,20230604_132951_ESWW0070023_2.txt,3284572,19627,3264945,0.005975512182409154,0.9940244878175909,5,64,9,3,0.00597125892088668,1.9485064545798577e-05,2.740087201752925e-06,987.9598331455863,856.9360622798301,0.8673794556519704,720.5821470662086,359.6105588410965,0.499055604284982,20230604_132951_ESWW0070023_2,ESWW0070023_2,C:\Users\datir\project1\data\processed\ts\ESWW0070023_2\overlay\20230604_132951_ESWW0070023_2.png
ESWW0070023,ESWW0070023_2,2,2023-06-06 09:43:54,20230606,094354,20230606_094354_ESWW0070023_2.txt,3502001,34355,3467646,0.009810105708136577,0.9901898942918634,1838,25,16,5,0.009285567557853733,7.1425245052873255e-06,4.571215683383888e-06,920.795422675555,838.646493225071,0.910784819920386,435.4624292309942,427.39912892574085,0.9814833616771652,20230606_094354_ESWW0070023_2,ESWW0070023_2,C:\Users\datir\project1\data\processed\ts\ESWW0070023_2\overlay\20230606_094354_ESWW0070023_2.png
ESWW0070023,ESWW0070023_2,2,2023-06-06 12:23:25,20230606,122325,20230606_122325_ESWW0070023_2.txt,3509647,36972,3472675,0.01053439277511385,0.9894656072248862,781,132,12,6,0.010310738569098962,3.761899143483963e-05,3.4199083122581483e-06,904.5087415494902,848.5005975069175,0.9380789355925664,352.24672393404376,279.27107554050355,0.792828028097702,20230606_122325_ESWW0070023_2,ESWW0070023_2,C:\Users\datir\project1\data\processed\ts\ESWW0070023_2\overlay\20230606_122325_ESWW0070023_2.png
ESWW0070023,ESWW0070023_2,2,2023-06-07 16:20:34,20230607,162034,20230607_162034_ESWW0070023_2.txt,3509710,85265,3424445,0.024294029991081885,0.9757059700089181,1450,120,16,12,0.023885914954991934,3.420499050811514e-05,4.560665401082018e-06,295.41344347327663,190.22180941449093,0.6439172407930669,422.4404998010703,411.92205542071326,0.9751007671250502,20230607_162034_ESWW0070023_2,ESWW0070023_2,C:\Users\datir\project1\data\processed\ts\ESWW0070023_2\overlay\20230607_162034_ESWW0070023_2.png
ESWW0070023,ESWW0070023_2,2,2023-06-08 11:15:19,20230608,111519,20230608_111519_ESWW0070023_2.txt,3509614,133044,3376570,0.03790844235291972,0.9620915576470803,351,172,15,15,0.03780793858995464,4.901314036594008e-05,4.274401776099426e-06,236.2591723462212,154.23860715017088,0.6528364829964995,340.96132705125217,296.88862932849247,0.8707398926913056,20230608_111519_ESWW0070023_2,ESWW0070023_2,C:\Users\datir\project1\data\processed\ts\ESWW0070023_2\overlay\20230608_111519_ESWW0070023_2.png
ESWW0070023,ESWW0070023_3,3,2023-05-25 17:36:51,20230525,173651,20230525_173651_ESWW0070023_3.txt,3272038,0,3272038,0.0,1.0,0,0,0,0,0.0,0.0,0.0,2838.4760999979726,1504.1484708833955,0.5299140869583048,,,,20230525_173651_ESWW0070023_3,ESWW0070023_3,C:\Users\datir\project1\data\processed\ts\ESWW0070023_3\overlay\20230525_173651_ESWW0070023_3.png
ESWW0070023,ESWW0070023_3,3,2023-05-27 10:30:12,20230527,103012,20230527_103012_ESWW0070023_3.txt,2984496,170,2984326,5.696104132825107e-05,0.9999430389586718,0,0,0,0,5.696104132825107e-05,0.0,0.0,2913.6137317956313,1469.3826173646119,0.5043162040765938,,,,20230527_103012_ESWW0070023_3,ESWW0070023_3,C:\Users\datir\project1\data\processed\ts\ESWW0070023_3\overlay\20230527_103012_ESWW0070023_3.png
ESWW0070023,ESWW0070023_3,3,2023-05-27 16:59:08,20230527,165908,20230527_165908_ESWW0070023_3.txt,2979562,554,2979008,0.0001859333687300348,0.9998140666312699,0,0,0,0,0.0001859333687300348,0.0,0.0,2913.3952363246276,1469.743291560747,0.5044778247852464,,,,20230527_165908_ESWW0070023_3,ESWW0070023_3,C:\Users\datir\project1\data\processed\ts\ESWW0070023_3\overlay\20230527_165908_ESWW0070023_3.png
ESWW0070023,ESWW0070023_3,3,2023-05-29 12:29:15,20230529,122915,20230529_122915_ESWW0070023_3.txt,2984633,16989,2967644,0.005692157126186034,0.994307842873814,0,12,0,4,0.005692157126186034,4.020594826901666e-06,0.0,395.73867389785886,204.91602938277813,0.5178064285818764,1310.1299777171776,60.69039202820113,0.046323947288001516,20230529_122915_ESWW0070023_3,ESWW0070023_3,C:\Users\datir\project1\data\processed\ts\ESWW0070023_3\overlay\20230529_122915_ESWW0070023_3.png
ESWW0070023,ESWW0070023_3,3,2023-05-30 12:29:50,20230530,122950,20230530_122950_ESWW0070023_3.txt,2984590,26992,2957598,0.009043788259023853,0.9909562117409761,0,28,0,4,0.009043788259023853,9.381523090273706e-06,0.0,367.88066628526803,199.66352778352683,0.5427399319449434,1309.8266654838285,84.8935389930142,0.06481280403743798,20230530_122950_ESWW0070023_3,ESWW0070023_3,C:\Users\datir\project1\data\processed\ts\ESWW0070023_3\overlay\20230530_122950_ESWW0070023_3.png
ESWW0070023,ESWW0070023_3,3,2023-05-31 09:48:50,20230531,094850,20230531_094850_ESWW0070023_3.txt,2977555,22425,2955130,0.007531347028014596,0.9924686529719854,0,3,1,4,0.00753101118199328,1.007538063948441e-06,3.35846021316147e-07,378.95967488040475,204.82018450165427,0.5404801568037367,1281.711397081759,71.91821606121937,0.056111084152770295,20230531_094850_ESWW0070023_3,ESWW0070023_3,C:\Users\datir\project1\data\processed\ts\ESWW0070023_3\overlay\20230531_094850_ESWW0070023_3.png
ESWW0070023,ESWW0070023_3,3,2023-05-31 16:50:43,20230531,165043,20230531_165043_ESWW0070023_3.txt,2982266,54486,2927780,0.01827000006035679,0.9817299999396432,0,110,2,6,0.018269329429366796,3.6884704449569554e-05,6.706309899921737e-07,294.4806310414341,186.84824006488384,0.6345009497028478,654.732497893309,370.9293091049734,0.5665356619665115,20230531_165043_ESWW0070023_3,ESWW0070023_3,C:\Users\datir\project1\data\processed\ts\ESWW0070023_3\overlay\20230531_165043_ESWW0070023_3.png
ESWW0070023,ESWW0070023_3,3,2023-06-01 16:02:29,20230601,160229,20230601_160229_ESWW0070023_3.txt,2984635,95357,2889278,0.03194930033320657,0.9680506996667935,0,106,7,10,0.03194695498779583,3.5515230505572706e-05,2.3453454107453674e-06,240.4016237132127,178.69602110058878,0.7433228542323173,344.93889848711353,138.97594190626532,0.4029001730909664,20230601_160229_ESWW0070023_3,ESWW0070023_3,C:\Users\datir\project1\data\processed\ts\ESWW0070023_3\overlay\20230601_160229_ESWW0070023_3.png
ESWW0070023,ESWW0070023_3,3,2023-06-02 10:54:26,20230602,105426,20230602_105426_ESWW0070023_3.txt,2983860,168311,2815549,0.05640713706407137,0.9435928629359286,0,286,6,11,0.05640512624586944,9.584900095849001e-05,2.0108182019263637e-06,210.68860655057318,155.06217936710797,0.7359780004519951,303.59583788394406,142.2845387316184,0.4686643259780448,20230602_105426_ESWW0070023_3,ESWW0070023_3,C:\Users\datir\project1\data\processed\ts\ESWW0070023_3\overlay\20230602_105426_ESWW0070023_3.png
ESWW0070023,ESWW0070023_3,3,2023-06-03 10:58:38,20230603,105838,20230603_105838_ESWW0070023_3.txt,2984518,236102,2748416,0.07910892144058103,0.920891078559419,0,361,5,11,0.07910724612818552,0.0001209575549552725,1.6753123955023893e-06,198.693901403489,144.36473527928337,0.726568527063752,307.1368459223168,149.79292677512595,0.4877074462534939,20230603_105838_ESWW0070023_3,ESWW0070023_3,C:\Users\datir\project1\data\processed\ts\ESWW0070023_3\overlay\20230603_105838_ESWW0070023_3.png
ESWW0070023,ESWW0070023_3,3,2023-06-04 13:30:31,20230604,133031,20230604_133031_ESWW0070023_3.txt,2984617,310355,2674262,0.10398486639994345,0.8960151336000566,0,553,5,12,0.1039831911431182,0.00018528340487238397,1.6752568252475946e-06,181.82560331416886,136.8097555542919,0.7524229429774203,327.0810476060928,150.54618308053048,0.46027180169067716,20230604_133031_ESWW0070023_3,ESWW0070023_3,C:\Users\datir\project1\data\processed\ts\ESWW0070023_3\overlay\20230604_133031_ESWW0070023_3.png
ESWW0070023,ESWW0070023_3,3,2023-06-06 09:46:29,20230606,094629,20230606_094629_ESWW0070023_3.txt,2984428,468487,2515941,0.15697714939010088,0.8430228506098991,0,1230,5,14,0.15697547402718376,0.0004121392776103159,1.6753629171151056e-06,166.33310677707684,124.21725735950125,0.7467981556190125,255.62475753983395,147.15345030089932,0.5756619652850661,20230606_094629_ESWW0070023_3,ESWW0070023_3,C:\Users\datir\project1\data\processed\ts\ESWW0070023_3\overlay\20230606_094629_ESWW0070023_3.png
ESWW0070023,ESWW0070023_3,3,2023-06-06 12:24:40,20230606,122440,20230606_122440_ESWW0070023_3.txt,2984660,453892,2530768,0.15207494320961182,0.8479250567903882,0,840,3,14,0.15207393806999792,0.0002814390918898635,1.0051396138923697e-06,163.99435632118298,121.99910322239477,0.7439225712344607,256.9442742651708,143.10006063186378,0.5569303345681178,20230606_122440_ESWW0070023_3,ESWW0070023_3,C:\Users\datir\project1\data\processed\ts\ESWW0070023_3\overlay\20230606_122440_ESWW0070023_3.png
ESWW0070023,ESWW0070023_3,3,2023-06-07 16:21:25,20230607,162125,20230607_162125_ESWW0070023_3.txt,2982859,587515,2395344,0.19696371836550103,0.803036281634499,0,984,4,16,0.19696237737016734,0.000329884852083186,1.3409953336714876e-06,158.37453134395594,117.31194968348989,0.740724841854232,239.7065813479856,121.63246182283488,0.5074222874434108,20230607_162125_ESWW0070023_3,ESWW0070023_3,C:\Users\datir\project1\data\processed\ts\ESWW0070023_3\overlay\20230607_162125_ESWW0070023_3.png
ESWW0070023,ESWW0070023_3,3,2023-06-08 11:16:03,20230608,111603,20230608_111603_ESWW0070023_3.txt,2984046,721752,2262294,0.24187026607498677,0.7581297339250133,0,846,10,17,0.24186691492021237,0.0002835076939162466,3.3511547744237187e-06,150.11257680223477,109.39339560123588,0.728742374100711,233.27220108942163,113.6999209700671,0.4874130755360851,20230608_111603_ESWW0070023_3,ESWW0070023_3,C:\Users\datir\project1\data\processed\ts\ESWW0070023_3\overlay\20230608_111603_ESWW0070023_3.png
ESWW0070023,ESWW0070023_4,4,2023-05-25 17:36:10,20230525,173610,20230525_173610_ESWW0070023_4.txt,3957256,0,3957256,0.0,1.0,0,0,0,0,0.0,0.0,0.0,3287.858058473011,1730.1922875013372,0.5262369167800678,,,,20230525_173610_ESWW0070023_4,ESWW0070023_4,C:\Users\datir\project1\data\processed\ts\ESWW0070023_4\overlay\20230525_173610_ESWW0070023_4.png
ESWW0070023,ESWW0070023_4,4,2023-05-26 10:51:14,20230526,105114,20230526_105114_ESWW0070023_4.txt,3692676,0,3692676,0.0,1.0,0,0,0,0,0.0,0.0,0.0,3376.049497448806,1695.0960790827992,0.5020945576668054,,,,20230526_105114_ESWW0070023_4,ESWW0070023_4,C:\Users\datir\project1\data\processed\ts\ESWW0070023_4\overlay\20230526_105114_ESWW0070023_4.png
ESWW0070023,ESWW0070023_4,4,2023-05-27 10:31:50,20230527,103150,20230527_103150_ESWW0070023_4.txt,3691974,0,3691974,0.0,1.0,0,0,0,0,0.0,0.0,0.0,3375.9839081256087,1695.306063724314,0.5021665120037763,,,,20230527_103150_ESWW0070023_4,ESWW0070023_4,C:\Users\datir\project1\data\processed\ts\ESWW0070023_4\overlay\20230527_103150_ESWW0070023_4.png
ESWW0070023,ESWW0070023_4,4,2023-05-27 16:59:32,20230527,165932,20230527_165932_ESWW0070023_4.txt,3691300,0,3691300,0.0,1.0,0,0,0,0,0.0,0.0,0.0,3376.169247658602,1695.3502510920137,0.5021520328898651,,,,20230527_165932_ESWW0070023_4,ESWW0070023_4,C:\Users\datir\project1\data\processed\ts\ESWW0070023_4\overlay\20230527_165932_ESWW0070023_4.png
ESWW0070023,ESWW0070023_4,4,2023-05-29 12:29:59,20230529,122959,20230529_122959_ESWW0070023_4.txt,3692262,111,3692151,3.0062872028041347e-05,0.999969937127972,92,0,0,0,5.146025237191137e-06,0.0,0.0,3375.967304163593,1695.1747923821006,0.5021300977327107,,,,20230529_122959_ESWW0070023_4,ESWW0070023_4,C:\Users\datir\project1\data\processed\ts\ESWW0070023_4\overlay\20230529_122959_ESWW0070023_4.png
ESWW0070023,ESWW0070023_4,4,2023-05-30 12:30:26,20230530,123026,20230530_123026_ESWW0070023_4.txt,3689295,3257,3686038,0.0008828244962790993,0.9991171755037209,643,0,0,1,0.0007086599657544273,0.0,0.0,1508.205191949778,838.4570292385425,0.5559303427105975,,,,20230530_123026_ESWW0070023_4,ESWW0070023_4,C:\Users\datir\project1\data\processed\ts\ESWW0070023_4\overlay\20230530_123026_ESWW0070023_4.png
ESWW0070023,ESWW0070023_4,4,2023-05-31 09:49:20,20230531,094920,20230531_094920_ESWW0070023_4.txt,3682460,14945,3667515,0.004058428333233762,0.9959415716667662,13327,1,9,1,0.00043852321515736823,2.7254394975597776e-07,2.4528955478038e-06,1508.802320882605,839.0036177409532,0.5560725922333952,,,,20230531_094920_ESWW0070023_4,ESWW0070023_4,C:\Users\datir\project1\data\processed\ts\ESWW0070023_4\overlay\20230531_094920_ESWW0070023_4.png
ESWW0070023,ESWW0070023_4,4,2023-05-31 16:51:08,20230531,165108,20230531_165108_ESWW0070023_4.txt,3502474,12514,3489960,0.0035729030393944396,0.9964270969606056,9847,1,10,2,0.0007607454217126536,2.863174338399148e-07,2.8631743383991476e-06,967.0435331798383,648.1491714899734,0.670237842715028,2573.709464454691,0.0,0.0,20230531_165108_ESWW0070023_4,ESWW0070023_4,C:\Users\datir\project1\data\processed\ts\ESWW0070023_4\overlay\20230531_165108_ESWW0070023_4.png
ESWW0070023,ESWW0070023_4,4,2023-05-31 16:51:14,20230531,165114,20230531_165114_ESWW0070023_4.txt,3687598,14039,3673559,0.0038070852625475987,0.9961929147374524,12635,0,17,2,0.000377418765848799,0.0,4.625896913792057e-06,1071.0788153261167,774.5025686743619,0.7231051138272633,2573.709464454691,0.0,0.0,20230531_165114_ESWW0070023_4,ESWW0070023_4,C:\Users\datir\project1\data\processed\ts\ESWW0070023_4\overlay\20230531_165114_ESWW0070023_4.png
ESWW0070023,ESWW0070023_4,4,2023-06-01 16:02:49,20230601,160249,20230601_160249_ESWW0070023_4.txt,3685986,19402,3666584,0.005263720480761457,0.9947362795192386,13238,0,14,3,0.0016744955003719286,0.0,3.8118596756434145e-06,934.7014256310088,832.6592391169717,0.8908291100068139,1221.7205931374565,183.0273254398369,0.1498111159523071,20230601_160249_ESWW0070023_4,ESWW0070023_4,C:\Users\datir\project1\data\processed\ts\ESWW0070023_4\overlay\20230601_160249_ESWW0070023_4.png
ESWW0070023,ESWW0070023_4,4,2023-06-02 10:54:48,20230602,105448,20230602_105448_ESWW0070023_4.txt,3587533,16583,3570950,0.004622396504784764,0.9953776034952152,15049,3,3,3,0.0004285533539128517,8.397518365372665e-07,8.397518365372665e-07,878.3388077272336,767.7242717999599,0.8740639318744243,1221.7205931374565,183.0273254398369,0.1498111159523071,20230602_105448_ESWW0070023_4,ESWW0070023_4,C:\Users\datir\project1\data\processed\ts\ESWW0070023_4\overlay\20230602_105448_ESWW0070023_4.png
ESWW0070023,ESWW0070023_4,4,2023-06-04 13:31:01,20230604,133101,20230604_133101_ESWW0070023_4.txt,3691697,24213,3667484,0.006558772293609145,0.9934412277063909,21255,1,6,3,0.0008042628108549325,2.724467516446248e-07,1.634680509867749e-06,933.998522582266,832.2147266736636,0.8910236007363306,1221.7205931374565,183.0273254398369,0.1498111159523071,20230604_133101_ESWW0070023_4,ESWW0070023_4,C:\Users\datir\project1\data\processed\ts\ESWW0070023_4\overlay\20230604_133101_ESWW0070023_4.png
ESWW0070023,ESWW0070023_4,4,2023-06-06 09:47:56,20230606,094756,20230606_094756_ESWW0070023_4.txt,3691199,34139,3657060,0.009248756298427693,0.9907512437015723,28771,11,5,3,0.0014643291281084571,3.0034720136477766e-06,1.3652145516580805e-06,934.0851084177037,832.2419029102597,0.8909701004869228,1221.7205931374565,183.0273254398369,0.1498111159523071,20230606_094756_ESWW0070023_4,ESWW0070023_4,C:\Users\datir\project1\data\processed\ts\ESWW0070023_4\overlay\20230606_094756_ESWW0070023_4.png
ESWW0070023,ESWW0070023_4,4,2023-06-06 12:25:45,20230606,122545,20230606_122545_ESWW0070023_4.txt,3685886,35973,3649913,0.009759661584758725,0.9902403384152413,33273,3,4,3,0.0007381017370304492,8.213298260724582e-07,1.0951064347632776e-06,934.742837025903,832.6530105498341,0.8907829806956415,1221.7205931374565,183.0273254398369,0.1498111159523071,20230606_122545_ESWW0070023_4,ESWW0070023_4,C:\Users\datir\project1\data\processed\ts\ESWW0070023_4\overlay\20230606_122545_ESWW0070023_4.png
ESWW0070023,ESWW0070023_4,4,2023-06-07 16:22:14,20230607,162214,20230607_162214_ESWW0070023_4.txt,3692515,34292,3658223,0.00928689524619399,0.990713104753806,30003,6,0,3,0.0011710541835767364,1.638219888426304e-06,0.0,933.9507488958299,832.126331343919,0.8909745319308394,1221.7205931374565,183.0273254398369,0.1498111159523071,20230607_162214_ESWW0070023_4,ESWW0070023_4,C:\Users\datir\project1\data\processed\ts\ESWW0070023_4\overlay\20230607_162214_ESWW0070023_4.png
ESWW0070023,ESWW0070023_4,4,2023-06-08 11:16:55,20230608,111655,20230608_111655_ESWW0070023_4.txt,3693322,101652,3591670,0.027523189150580427,0.9724768108494196,90526,0,5,6,0.0030867692758624137,0.0,1.3878110223282139e-06,530.2986822143026,408.0799602891004,0.769528520389927,662.3733419342575,574.1512180298026,0.8668090662483044,20230608_111655_ESWW0070023_4,ESWW0070023_4,C:\Users\datir\project1\data\processed\ts\ESWW0070023_4\overlay\20230608_111655_ESWW0070023_4.png
ESWW0070023,ESWW0070023_5,5,2023-05-25 17:39:06,20230525,173906,20230525_173906_ESWW0070023_5.txt,3606890,587,3606303,0.00016274408146630477,0.9998372559185337,427,0,0,0,4.436479730971869e-05,0.0,0.0,2650.78704621238,1449.430409815366,0.5467924750448769,,,,20230525_173906_ESWW0070023_5,ESWW0070023_5,C:\Users\datir\project1\data\processed\ts\ESWW0070023_5\overlay\20230525_173906_ESWW0070023_5.png
ESWW0070023,ESWW0070023_5,5,2023-05-26 12:57:15,20230526,125715,20230526_125715_ESWW0070023_5.txt,3426734,407,3426327,0.00011877198521974568,0.9998812280147803,0,3,1,0,0.0001184801621602377,8.75469178523924e-07,2.9182305950797467e-07,2689.003468294153,1420.3744859891938,0.528215936772387,,,,20230526_125715_ESWW0070023_5,ESWW0070023_5,C:\Users\datir\project1\data\processed\ts\ESWW0070023_5\overlay\20230526_125715_ESWW0070023_5.png
ESWW0070023,ESWW0070023_5,5,2023-05-27 10:36:28,20230527,103628,20230527_103628_ESWW0070023_5.txt,3428591,227,3428364,6.620795539625461e-05,0.9999337920446038,0,4,0,0,6.620795539625461e-05,1.1666600069824601e-06,0.0,2689.4571914414387,1420.1686466247943,0.5280502887884384,,,,20230527_103628_ESWW0070023_5,ESWW0070023_5,C:\Users\datir\project1\data\processed\ts\ESWW0070023_5\overlay\20230527_103628_ESWW0070023_5.png
ESWW0070023,ESWW0070023_5,5,2023-05-27 17:00:07,20230527,170007,20230527_170007_ESWW0070023_5.txt,3428591,511,3428080,0.00014904081589200928,0.999850959184108,0,0,1,0,0.00014874915089026366,0.0,2.9166500174561503e-07,2689.4571914414387,1420.1686466247943,0.5280502887884384,,,,20230527_170007_ESWW0070023_5,ESWW0070023_5,C:\Users\datir\project1\data\processed\ts\ESWW0070023_5\overlay\20230527_170007_ESWW0070023_5.png
ESWW0070023,ESWW0070023_5,5,2023-05-29 12:30:33,20230529,123033,20230529_123033_ESWW0070023_5.txt,3428591,739,3427852,0.0002155404362900095,0.99978445956371,417,0,3,0,9.305245299684322e-05,0.0,8.751014388417857e-07,2689.4571914414387,1420.1686466247943,0.5280502887884384,,,,20230529_123033_ESWW0070023_5,ESWW0070023_5,C:\Users\datir\project1\data\processed\ts\ESWW0070023_5\overlay\20230529_123033_ESWW0070023_5.png
ESWW0070023,ESWW0070023_5,5,2023-05-30 12:30:55,20230530,123055,20230530_123055_ESWW0070023_5.txt,3428517,1538,3426979,0.0004485904547068018,0.9995514095452932,930,0,6,0,0.00017563376217729848,0.0,1.7505026130627756e-06,2689.4035505275006,1420.137036442143,0.5280490672973184,,,,20230530_123055_ESWW0070023_5,ESWW0070023_5,C:\Users\datir\project1\data\processed\ts\ESWW0070023_5\overlay\20230530_123055_ESWW0070023_5.png
ESWW0070023,ESWW0070023_5,5,2023-05-31 09:50:04,20230531,095004,20230531_095004_ESWW0070023_5.txt,3428591,2054,3426537,0.0005990799135854933,0.9994009200864145,271,4,4,1,0.0005189130536239324,1.1667522284967564e-06,1.1667522284967564e-06,1760.9930047391122,1198.0995073732167,0.6803544955311807,,,,20230531_095004_ESWW0070023_5,ESWW0070023_5,C:\Users\datir\project1\data\processed\ts\ESWW0070023_5\overlay\20230531_095004_ESWW0070023_5.png
ESWW0070023,ESWW0070023_5,5,2023-05-31 16:51:39,20230531,165139,20230531_165139_ESWW0070023_5.txt,3428498,5715,3422783,0.001666910699670818,0.9983330893003292,708,6,7,1,0.0014586657875774187,1.7503989450929025e-06,2.042132102608386e-06,1747.5766484333901,1203.2649955722359,0.6885334595486264,,,,20230531_165139_ESWW0070023_5,ESWW0070023_5,C:\Users\datir\project1\data\processed\ts\ESWW0070023_5\overlay\20230531_165139_ESWW0070023_5.png
ESWW0070023,ESWW0070023_5,5,2023-06-01 16:03:06,20230601,160306,20230601_160306_ESWW0070023_5.txt,3427319,8176,3419143,0.0023855380838492127,0.9976144619161508,870,4,14,1,0.0021281507473188714,1.167389329302727e-06,4.085862652559545e-06,1724.8274257971414,1199.6375577187778,0.6955116435282542,,,,20230601_160306_ESWW0070023_5,ESWW0070023_5,C:\Users\datir\project1\data\processed\ts\ESWW0070023_5\overlay\20230601_160306_ESWW0070023_5.png
ESWW0070023,ESWW0070023_5,5,2023-06-02 10:55:18,20230602,105518,20230602_105518_ESWW0070023_5.txt,3428393,10604,3417789,0.0030929942979115873,0.9969070057020885,912,12,5,1,0.0028262738728529785,3.5011134999727205e-06,1.4587972916553002e-06,1712.665093982421,1198.9200587711846,0.7000318176528975,,,,20230602_105518_ESWW0070023_5,ESWW0070023_5,C:\Users\datir\project1\data\processed\ts\ESWW0070023_5\overlay\20230602_105518_ESWW0070023_5.png
ESWW0070023,ESWW0070023_5,5,2023-06-03 10:59:02,20230603,105902,20230603_105902_ESWW0070023_5.txt,3428591,13564,3415027,0.003956144083677522,0.9960438559163225,1219,37,13,1,0.0035980920658743782,1.079544327257152e-05,3.792993582254859e-06,1696.162505163193,1195.2669836835807,0.7046889552416916,,,,20230603_105902_ESWW0070023_5,ESWW0070023_5,C:\Users\datir\project1\data\processed\ts\ESWW0070023_5\overlay\20230603_105902_ESWW0070023_5.png
ESWW0070023,ESWW0070023_5,5,2023-06-04 13:31:22,20230604,133122,20230604_133122_ESWW0070023_5.txt,3428481,13099,3415382,0.003820642436110919,0.9961793575638891,215,21,14,1,0.0037540844263543142,6.125545684028019e-06,4.083697122685346e-06,1691.6841047835326,1196.9756085360161,0.7075644945479823,,,,20230604_133122_ESWW0070023_5,ESWW0070023_5,C:\Users\datir\project1\data\processed\ts\ESWW0070023_5\overlay\20230604_133122_ESWW0070023_5.png
ESWW0070023,ESWW0070023_5,5,2023-06-06 09:49:30,20230606,094930,20230606_094930_ESWW0070023_5.txt,3428591,22627,3405964,0.006599503994498031,0.993400496005502,3923,62,31,1,0.005452499337162025,1.8103944674345076e-05,9.051972337172538e-06,1669.7240851305837,1194.842732960895,0.7155929195735655,,,,20230606_094930_ESWW0070023_5,ESWW0070023_5,C:\Users\datir\project1\data\processed\ts\ESWW0070023_5\overlay\20230606_094930_ESWW0070023_5.png
ESWW0070023,ESWW0070023_5,5,2023-06-06 12:29:34,20230606,122934,20230606_122934_ESWW0070023_5.txt,3427701,19437,3408264,0.005670564614591529,0.9943294353854085,245,64,17,2,0.005594528419912611,1.8672741531911714e-05,4.959946969414049e-06,1644.6280784566854,1219.7135917041876,0.7416349068105195,1055.8486328826723,0.0,0.0,20230606_122934_ESWW0070023_5,ESWW0070023_5,C:\Users\datir\project1\data\processed\ts\ESWW0070023_5\overlay\20230606_122934_ESWW0070023_5.png
ESWW0070023,ESWW0070023_5,5,2023-06-07 16:23:10,20230607,162310,20230607_162310_ESWW0070023_5.txt,3428591,23701,3404890,0.006912752206372822,0.9930872477936272,759,53,19,2,0.006687025501833229,1.546166789971037e-05,5.542862077254662e-06,1636.6663693148091,1220.8532079622614,0.7459389591254154,1027.59852402023,0.0,0.0,20230607_162310_ESWW0070023_5,ESWW0070023_5,C:\Users\datir\project1\data\processed\ts\ESWW0070023_5\overlay\20230607_162310_ESWW0070023_5.png
ESWW0070023,ESWW0070023_5,5,2023-06-08 11:17:32,20230608,111732,20230608_111732_ESWW0070023_5.txt,3426827,27807,3399020,0.008114503591806647,0.9918854964081933,1859,57,31,2,0.007566786025446077,1.6642491258312486e-05,9.051179456275212e-06,1637.032201021686,1222.5290879951044,0.7467959929145642,1012.5248081854189,0.0,0.0,20230608_111732_ESWW0070023_5,ESWW0070023_5,C:\Users\datir\project1\data\processed\ts\ESWW0070023_5\overlay\20230608_111732_ESWW0070023_5.png
ESWW0070023,ESWW0070023_6,6,2023-05-25 17:37:40,20230525,173740,20230525_173740_ESWW0070023_6.txt,4002669,0,4002669,0.0,1.0,0,0,0,0,0.0,0.0,0.0,3202.299499871135,1665.3815796326394,0.5200580332038451,,,,20230525_173740_ESWW0070023_6,ESWW0070023_6,C:\Users\datir\project1\data\processed\ts\ESWW0070023_6\overlay\20230525_173740_ESWW0070023_6.png
ESWW0070023,ESWW0070023_6,6,2023-05-27 10:37:08,20230527,103708,20230527_103708_ESWW0070023_6.txt,3641600,0,3641600,0.0,1.0,0,0,0,0,0.0,0.0,0.0,3298.127136419409,1599.569196422239,0.4849931886369915,,,,20230527_103708_ESWW0070023_6,ESWW0070023_6,C:\Users\datir\project1\data\processed\ts\ESWW0070023_6\overlay\20230527_103708_ESWW0070023_6.png
ESWW0070023,ESWW0070023_6,6,2023-05-27 17:01:17,20230527,170117,20230527_170117_ESWW0070023_6.txt,3646373,0,3646373,0.0,1.0,0,0,0,0,0.0,0.0,0.0,3299.8062904143703,1599.340484489707,0.4846770821474103,,,,20230527_170117_ESWW0070023_6,ESWW0070023_6,C:\Users\datir\project1\data\processed\ts\ESWW0070023_6\overlay\20230527_170117_ESWW0070023_6.png
ESWW0070023,ESWW0070023_6,6,2023-05-29 12:31:17,20230529,123117,20230529_123117_ESWW0070023_6.txt,3645028,1,3645027,2.7434631503516573e-07,0.999999725653685,0,0,1,0,0.0,0.0,2.7434631503516573e-07,3299.893827498869,1599.4101383747238,0.48468533291781246,,,,20230529_123117_ESWW0070023_6,ESWW0070023_6,C:\Users\datir\project1\data\processed\ts\ESWW0070023_6\overlay\20230529_123117_ESWW0070023_6.png
ESWW0070023,ESWW0070023_6,6,2023-05-31 09:50:35,20230531,095035,20230531_095035_ESWW0070023_6.txt,3646027,5,3646022,1.3713557250124587e-06,0.999998628644275,0,0,1,0,1.097084580009967e-06,0.0,2.7427114500249176e-07,3299.689203401466,1599.306153152904,0.4846838761372642,,,,20230531_095035_ESWW0070023_6,ESWW0070023_6,C:\Users\datir\project1\data\processed\ts\ESWW0070023_6\overlay\20230531_095035_ESWW0070023_6.png
ESWW0070023,ESWW0070023_6,6,2023-05-31 16:52:25,20230531,165225,20230531_165225_ESWW0070023_6.txt,3646373,2227,3644146,0.0006107438816599399,0.9993892561183401,0,0,1,1,0.0006104696365402003,0.0,2.7424511973953296e-07,2056.8681106853614,1351.619235171539,0.6571248920384939,,,,20230531_165225_ESWW0070023_6,ESWW0070023_6,C:\Users\datir\project1\data\processed\ts\ESWW0070023_6\overlay\20230531_165225_ESWW0070023_6.png
ESWW0070023,ESWW0070023_6,6,2023-06-01 16:03:31,20230601,160331,20230601_160331_ESWW0070023_6.txt,3646373,5325,3641048,0.001460355262613013,0.998539644737387,0,2,0,1,0.001460355262613013,5.484902394790659e-07,0.0,2027.984567810845,1349.4781769350477,0.6654282277856647,,,,20230601_160331_ESWW0070023_6,ESWW0070023_6,C:\Users\datir\project1\data\processed\ts\ESWW0070023_6\overlay\20230601_160331_ESWW0070023_6.png
ESWW0070023,ESWW0070023_6,6,2023-06-02 10:55:43,20230602,105543,20230602_105543_ESWW0070023_6.txt,3646373,8372,3638001,0.00229598014245937,0.9977040198575406,0,7,0,1,0.00229598014245937,1.9197158381767305e-06,0.0,2008.3126661682636,1348.5133721588081,0.6714658503507266,,,,20230602_105543_ESWW0070023_6,ESWW0070023_6,C:\Users\datir\project1\data\processed\ts\ESWW0070023_6\overlay\20230602_105543_ESWW0070023_6.png
ESWW0070023,ESWW0070023_6,6,2023-06-03 10:59:27,20230603,105927,20230603_105927_ESWW0070023_6.txt,3517422,13003,3504419,0.0036967415339984795,0.9963032584660015,0,11,3,1,0.0036958886366207978,3.1272903848329827e-06,8.528973776817225e-07,2016.9324058188538,1350.6059693400903,0.6696337296399173,,,,20230603_105927_ESWW0070023_6,ESWW0070023_6,C:\Users\datir\project1\data\processed\ts\ESWW0070023_6\overlay\20230603_105927_ESWW0070023_6.png
ESWW0070023,ESWW0070023_6,6,2023-06-04 13:31:43,20230604,133143,20230604_133143_ESWW0070023_6.txt,3517899,20096,3497803,0.005712500557861383,0.9942874994421386,0,26,2,2,0.005711932036707137,7.390775005194862e-06,5.685211542457586e-07,1977.0238391148926,1381.8069244629123,0.6989328591412145,782.6283109366125,0.0,0.0,20230604_133143_ESWW0070023_6,ESWW0070023_6,C:\Users\datir\project1\data\processed\ts\ESWW0070023_6\overlay\20230604_133143_ESWW0070023_6.png
ESWW0070023,ESWW0070023_6,6,2023-06-06 09:51:35,20230606,095135,20230606_095135_ESWW0070023_6.txt,3644899,39997,3604902,0.010973417919124782,0.9890265820808752,0,25,0,4,0.010973417919124782,6.858900616999264e-06,0.0,1233.8711488923184,1074.789582430671,0.871071167678684,569.6002567074298,410.8040166944167,0.7212145919123463,20230606_095135_ESWW0070023_6,ESWW0070023_6,C:\Users\datir\project1\data\processed\ts\ESWW0070023_6\overlay\20230606_095135_ESWW0070023_6.png
ESWW0070023,ESWW0070023_6,6,2023-06-06 12:28:18,20230606,122818,20230606_122818_ESWW0070023_6.txt,3646373,39183,3607190,0.01074574652675412,0.9892542534732459,0,80,1,4,0.01074547228163438,2.1939609579162637e-05,2.7424511973953296e-07,1233.9532815163707,1074.210627228863,0.8705440013975209,570.5533332038945,414.39962876477745,0.7263118181042797,20230606_122818_ESWW0070023_6,ESWW0070023_6,C:\Users\datir\project1\data\processed\ts\ESWW0070023_6\overlay\20230606_122818_ESWW0070023_6.png
ESWW0070023,ESWW0070023_6,6,2023-06-07 16:25:18,20230607,162518,20230607_162518_ESWW0070023_6.txt,3641337,48400,3592937,0.013291821108565343,0.9867081788914347,0,66,1,5,0.013291546484162274,1.8125210602589103e-05,2.7462440306953187e-07,501.1423202712645,318.80455264622304,0.6361557181474049,950.6625286560087,846.6161930831921,0.890553869079166,20230607_162518_ESWW0070023_6,ESWW0070023_6,C:\Users\datir\project1\data\processed\ts\ESWW0070023_6\overlay\20230607_162518_ESWW0070023_6.png
ESWW0070023,ESWW0070023_6,6,2023-06-08 11:18:07,20230608,111807,20230608_111807_ESWW0070023_6.txt,3646373,68745,3577628,0.018852980756494192,0.9811470192435058,0,25,3,6,0.018852158021134973,6.8561279934883235e-06,8.227353592185989e-07,481.08950769727034,319.3146045869191,0.6637322150618394,760.7919182544935,799.0025750853295,1.050224845866533,20230608_111807_ESWW0070023_6,ESWW0070023_6,C:\Users\datir\project1\data\processed\ts\ESWW0070023_6\overlay\20230608_111807_ESWW0070023_6.png
ESWW0070023,ESWW0070023_7,7,2023-05-25 17:35:26,20230525,173526,20230525_173526_ESWW0070023_7.txt,4427831,2912,4424919,0.0006576583433288217,0.9993423416566711,11,0,0,1,0.0006551756846484274,0.0,0.0,2601.7598182073502,1668.5513840618391,0.6413164552643045,,,,20230525_173526_ESWW0070023_7,ESWW0070023_7,C:\Users\datir\project1\data\processed\ts\ESWW0070023_7\overlay\20230525_173526_ESWW0070023_7.png
ESWW0070023,ESWW0070023_7,7,2023-05-26 10:49:55,20230526,104955,20230526_104955_ESWW0070023_7.txt,4067155,3679,4063476,0.0009045635093818652,0.9990954364906182,42,0,0,2,0.0008942461151190045,0.0,0.0,1008.6857417595448,660.706706222588,0.6550173942877943,2904.4782929206544,0.0,0.0,20230526_104955_ESWW0070023_7,ESWW0070023_7,C:\Users\datir\project1\data\processed\ts\ESWW0070023_7\overlay\20230526_104955_ESWW0070023_7.png
ESWW0070023,ESWW0070023_7,7,2023-05-26 11:24:50,20230526,112450,20230526_112450_ESWW0070023_7.txt,4065799,4045,4061754,0.0009948844003355797,0.9990051155996644,0,2,0,2,0.0009948844003355797,4.919082325515846e-07,0.0,1011.7936764282769,661.1661505722277,0.6534594611286799,2907.8710233621473,0.0,0.0,20230526_112450_ESWW0070023_7,ESWW0070023_7,C:\Users\datir\project1\data\processed\ts\ESWW0070023_7\overlay\20230526_112450_ESWW0070023_7.png
ESWW0070023,ESWW0070023_7,7,2023-05-27 10:37:46,20230527,103746,20230527_103746_ESWW0070023_7.txt,4064746,3573,4061173,0.0008790217150099908,0.99912097828499,48,0,2,2,0.0008667310584943827,0.0,4.920414751600242e-07,1009.9071754545306,661.9612160343302,0.6554673856400715,2909.887329556944,0.0,0.0,20230527_103746_ESWW0070023_7,ESWW0070023_7,C:\Users\datir\project1\data\processed\ts\ESWW0070023_7\overlay\20230527_103746_ESWW0070023_7.png
ESWW0070023,ESWW0070023_7,7,2023-05-27 17:01:46,20230527,170146,20230527_170146_ESWW0070023_7.txt,4067185,3141,4064044,0.0007722786153076391,0.9992277213846924,0,3,1,2,0.0007720327450066815,7.376109028726256e-07,2.458703009575419e-07,1010.1412098511533,660.4544365377565,0.6538238714516715,2899.7733890525897,0.0,0.0,20230527_170146_ESWW0070023_7,ESWW0070023_7,C:\Users\datir\project1\data\processed\ts\ESWW0070023_7\overlay\20230527_170146_ESWW0070023_7.png
ESWW0070023,ESWW0070023_7,7,2023-05-29 12:32:27,20230529,123227,20230529_123227_ESWW0070023_7.txt,4067202,2043,4065159,0.0005023109252995057,0.9994976890747005,0,0,0,2,0.0005023109252995057,0.0,0.0,1010.937332716366,660.1181777085885,0.6529763580249488,2905.2277011749725,0.0,0.0,20230529_123227_ESWW0070023_7,ESWW0070023_7,C:\Users\datir\project1\data\processed\ts\ESWW0070023_7\overlay\20230529_123227_ESWW0070023_7.png
ESWW0070023,ESWW0070023_7,7,2023-05-30 12:32:04,20230530,123204,20230530_123204_ESWW0070023_7.txt,4067074,3344,4063730,0.0008222127259056511,0.9991777872740943,108,1,0,2,0.0007956791377159288,2.4588354070331544e-07,0.0,1014.1807601555769,662.0682471795313,0.6528108924862359,2900.4246543093795,0.0,0.0,20230530_123204_ESWW0070023_7,ESWW0070023_7,C:\Users\datir\project1\data\processed\ts\ESWW0070023_7\overlay\20230530_123204_ESWW0070023_7.png
ESWW0070023,ESWW0070023_7,7,2023-05-31 09:50:57,20230531,095057,20230531_095057_ESWW0070023_7.txt,4067202,4064,4063138,0.0009992127265869755,0.999000787273413,155,1,0,2,0.0009611396180078568,2.4587864364488533e-07,0.0,1009.2644402675268,659.1068189760573,0.6530566149753053,2903.895926787271,0.0,0.0,20230531_095057_ESWW0070023_7,ESWW0070023_7,C:\Users\datir\project1\data\processed\ts\ESWW0070023_7\overlay\20230531_095057_ESWW0070023_7.png
ESWW0070023,ESWW0070023_7,7,2023-05-31 16:53:01,20230531,165301,20230531_165301_ESWW0070023_7.txt,4067159,3231,4063928,0.0007944120207742062,0.9992055879792258,0,2,1,3,0.0007941661489014813,4.917437454498336e-07,2.458718727249168e-07,1000.9771032399162,674.5629352165969,0.6739044609843751,1412.5382599688908,1051.0350655318737,0.744075467063824,20230531_165301_ESWW0070023_7,ESWW0070023_7,C:\Users\datir\project1\data\processed\ts\ESWW0070023_7\overlay\20230531_165301_ESWW0070023_7.png
ESWW0070023,ESWW0070023_7,7,2023-06-01 16:04:05,20230601,160405,20230601_160405_ESWW0070023_7.txt,4066965,6159,4060806,0.0015143970995570408,0.998485602900443,0,0,2,3,0.0015139053323547165,0.0,4.917672023240918e-07,1000.508966921602,675.5961161367197,0.6752524349835819,1405.1242717354974,1056.2775468873433,0.7517324752939565,20230601_160405_ESWW0070023_7,ESWW0070023_7,C:\Users\datir\project1\data\processed\ts\ESWW0070023_7\overlay\20230601_160405_ESWW0070023_7.png
ESWW0070023,ESWW0070023_7,7,2023-06-02 10:56:12,20230602,105612,20230602_105612_ESWW0070023_7.txt,4067202,21252,4045950,0.005225213795626575,0.9947747862043734,470,7,1,6,0.005109999872133202,1.7212838219976138e-06,2.4589768885680197e-07,825.3859973354475,738.240046705843,0.8944179439547879,650.2582431335439,488.69696117715876,0.7515428929007745,20230602_105612_ESWW0070023_7,ESWW0070023_7,C:\Users\datir\project1\data\processed\ts\ESWW0070023_7\overlay\20230602_105612_ESWW0070023_7.png
ESWW0070023,ESWW0070023_7,7,2023-06-04 13:32:03,20230604,133203,20230604_133203_ESWW0070023_7.txt,4066993,34856,4032137,0.008570459796709756,0.9914295402032902,0,20,3,6,0.00856972215098477,4.917638166576633e-06,7.376457249864949e-07,821.1128747694039,742.9872621611412,0.9048539914439863,652.7314392171637,490.305093348922,0.7511589972392881,20230604_133203_ESWW0070023_7,ESWW0070023_7,C:\Users\datir\project1\data\processed\ts\ESWW0070023_7\overlay\20230604_133203_ESWW0070023_7.png
ESWW0070023,ESWW0070023_7,7,2023-06-06 09:53:41,20230606,095341,20230606_095341_ESWW0070023_7.txt,4067192,50005,4017187,0.012294723239030761,0.9877052767609692,0,39,2,6,0.012294231499275176,9.588925233920602e-06,4.917397555856719e-07,814.6696970067912,742.726522882777,0.9116903766172433,651.4717637366085,495.2540276663172,0.7602079709882092,20230606_095341_ESWW0070023_7,ESWW0070023_7,C:\Users\datir\project1\data\processed\ts\ESWW0070023_7\overlay\20230606_095341_ESWW0070023_7.png
ESWW0070023,ESWW0070023_7,7,2023-06-06 12:30:48,20230606,123048,20230606_123048_ESWW0070023_7.txt,4067180,54250,4012930,0.013338480224627382,0.9866615197753726,84,105,2,6,0.013317610403098427,2.581694653875886e-05,4.917513626430259e-07,815.8145045785242,744.3487326035328,0.9123994834929873,651.32218576864,496.50884415493897,0.7623091228943748,20230606_123048_ESWW0070023_7,ESWW0070023_7,C:\Users\datir\project1\data\processed\ts\ESWW0070023_7\overlay\20230606_123048_ESWW0070023_7.png
ESWW0070023,ESWW0070023_7,7,2023-06-07 16:26:10,20230607,162610,20230607_162610_ESWW0070023_7.txt,4067176,55876,4011300,0.013738279336817488,0.9862617206631825,332,95,3,6,0.013657027414870106,2.335963710434922e-05,7.376727506636596e-07,814.9351690669702,745.5633431404707,0.9148744236846176,649.8166879214524,497.2783076095434,0.7652593675305129,20230607_162610_ESWW0070023_7,ESWW0070023_7,C:\Users\datir\project1\data\processed\ts\ESWW0070023_7\overlay\20230607_162610_ESWW0070023_7.png
ESWW0070023,ESWW0070023_7,7,2023-06-08 11:19:02,20230608,111902,20230608_111902_ESWW0070023_7.txt,4067152,62206,4004946,0.01529473203853704,0.984705267961463,696,149,3,7,0.015125455679343388,3.664124239878656e-05,7.377431355460381e-07,813.7924149622829,747.2248971484576,0.9182008622961784,558.7350619851143,501.20505462275906,0.8970352654119138,20230608_111902_ESWW0070023_7,ESWW0070023_7,C:\Users\datir\project1\data\processed\ts\ESWW0070023_7\overlay\20230608_111902_ESWW0070023_7.png
ESWW0070023,ESWW0070023_8,8,2023-05-25 17:40:27,20230525,174027,20230525_174027_ESWW0070023_8.txt,4145861,0,4145861,0.0,1.0,0,0,0,0,0.0,0.0,0.0,2927.0335747903764,1602.5884834659182,0.5475128462032384,,,,20230525_174027_ESWW0070023_8,ESWW0070023_8,C:\Users\datir\project1\data\processed\ts\ESWW0070023_8\overlay\20230525_174027_ESWW0070023_8.png
ESWW0070023,ESWW0070023_8,8,2023-05-26 12:58:59,20230526,125859,20230526_125859_ESWW0070023_8.txt,3853609,3522,3850087,0.0009139484571475725,0.9990860515428525,0,0,1,1,0.0009136889601410003,0.0,2.5949700657228066e-07,2781.7023799144235,1582.647413388333,0.5689492250558529,,,,20230526_125859_ESWW0070023_8,ESWW0070023_8,C:\Users\datir\project1\data\processed\ts\ESWW0070023_8\overlay\20230526_125859_ESWW0070023_8.png
ESWW0070023,ESWW0070023_8,8,2023-05-27 10:38:22,20230527,103822,20230527_103822_ESWW0070023_8.txt,3853458,0,3853458,0.0,1.0,0,0,0,1,0.0,0.0,0.0,2781.643717600019,1582.652660212095,0.5689631099045264,,,,20230527_103822_ESWW0070023_8,ESWW0070023_8,C:\Users\datir\project1\data\processed\ts\ESWW0070023_8\overlay\20230527_103822_ESWW0070023_8.png
ESWW0070023,ESWW0070023_8,8,2023-05-27 17:02:14,20230527,170214,20230527_170214_ESWW0070023_8.txt,3853316,0,3853316,0.0,1.0,0,0,0,1,0.0,0.0,0.0,2781.505706073445,1582.5473776737806,0.5689534895500207,,,,20230527_170214_ESWW0070023_8,ESWW0070023_8,C:\Users\datir\project1\data\processed\ts\ESWW0070023_8\overlay\20230527_170214_ESWW0070023_8.png
ESWW0070023,ESWW0070023_8,8,2023-05-29 12:33:01,20230529,123301,20230529_123301_ESWW0070023_8.txt,3853313,0,3853313,0.0,1.0,0,0,0,1,0.0,0.0,0.0,2781.5398257394577,1582.6001470661736,0.5689654817886519,,,,20230529_123301_ESWW0070023_8,ESWW0070023_8,C:\Users\datir\project1\data\processed\ts\ESWW0070023_8\overlay\20230529_123301_ESWW0070023_8.png
ESWW0070023,ESWW0070023_8,8,2023-05-30 12:32:32,20230530,123232,20230530_123232_ESWW0070023_8.txt,3853301,5924,3847377,0.0015373831424018004,0.9984626168575982,2991,9,3,2,0.0007609776875108757,2.337474125460028e-06,7.791580418200092e-07,952.86159437179,559.0230312876946,0.5866781016148013,3226.3004843940653,0.0,0.0,20230530_123232_ESWW0070023_8,ESWW0070023_8,C:\Users\datir\project1\data\processed\ts\ESWW0070023_8\overlay\20230530_123232_ESWW0070023_8.png
ESWW0070023,ESWW0070023_8,8,2023-05-31 09:52:00,20230531,095200,20230531_095200_ESWW0070023_8.txt,3852876,9664,3843212,0.0025082561701959783,0.997491743829804,4968,14,1,2,0.0012201435169447918,3.638340625607473e-06,2.5988147325767665e-07,947.1996287448316,559.0576093290797,0.5902215249703033,3217.174335425242,0.0,0.0,20230531_095200_ESWW0070023_8,ESWW0070023_8,C:\Users\datir\project1\data\processed\ts\ESWW0070023_8\overlay\20230531_095200_ESWW0070023_8.png
ESWW0070023,ESWW0070023_8,8,2023-05-31 16:53:43,20230531,165343,20230531_165343_ESWW0070023_8.txt,3853506,6496,3847010,0.0016857376114115302,0.9983142623885884,1554,16,0,2,0.0012829858731365292,4.153738156654081e-06,0.0,944.0378017598299,557.9033842089547,0.590975682508622,3218.4030871892674,0.0,0.0,20230531_165343_ESWW0070023_8,ESWW0070023_8,C:\Users\datir\project1\data\processed\ts\ESWW0070023_8\overlay\20230531_165343_ESWW0070023_8.png
ESWW0070023,ESWW0070023_8,8,2023-06-01 16:04:33,20230601,160433,20230601_160433_ESWW0070023_8.txt,3853115,11004,3842111,0.0028558711587897065,0.9971441288412103,3942,11,1,2,0.001834420016975075,2.8577567181314014e-06,2.5979606528467285e-07,941.7649687418351,557.0852257563154,0.5915331789210228,3220.7227990080223,0.0,0.0,20230601_160433_ESWW0070023_8,ESWW0070023_8,C:\Users\datir\project1\data\processed\ts\ESWW0070023_8\overlay\20230601_160433_ESWW0070023_8.png
ESWW0070023,ESWW0070023_8,8,2023-06-02 10:56:51,20230602,105651,20230602_105651_ESWW0070023_8.txt,3853516,14493,3839023,0.003760980880837137,0.9962390191191629,6188,9,2,3,0.002158121168769598,2.339285862811801e-06,5.198413028470668e-07,663.9215080241194,387.590337978851,0.5837893987383376,2270.15802331853,668.6594057690006,0.29454311061198746,20230602_105651_ESWW0070023_8,ESWW0070023_8,C:\Users\datir\project1\data\processed\ts\ESWW0070023_8\overlay\20230602_105651_ESWW0070023_8.png
ESWW0070023,ESWW0070023_8,8,2023-06-03 10:59:52,20230603,105952,20230603_105952_ESWW0070023_8.txt,3853537,18705,3834832,0.004853982198691748,0.9951460178013083,5524,38,5,3,0.0034241048561946125,9.875226513008142e-06,1.2993719096063344e-06,653.7744127459343,389.78595329527815,0.5962086397020776,2275.3372952264467,666.4426598361478,0.29289840290242414,20230603_105952_ESWW0070023_8,ESWW0070023_8,C:\Users\datir\project1\data\processed\ts\ESWW0070023_8\overlay\20230603_105952_ESWW0070023_8.png
ESWW0070023,ESWW0070023_8,8,2023-06-04 13:32:22,20230604,133222,20230604_133222_ESWW0070023_8.txt,3853631,25554,3828077,0.0066311486491571195,0.9933688513508429,4423,61,6,4,0.005488141976219524,1.5847415883994837e-05,1.5587622180978528e-06,643.944001914721,392.64023471808565,0.6097428247651943,1275.254766548204,1308.3724094333643,1.0259694327391549,20230604_133222_ESWW0070023_8,ESWW0070023_8,C:\Users\datir\project1\data\processed\ts\ESWW0070023_8\overlay\20230604_133222_ESWW0070023_8.png
ESWW0070023,ESWW0070023_8,8,2023-06-06 09:55:38,20230606,095538,20230606_095538_ESWW0070023_8.txt,3853642,55861,3797781,0.01449563815216878,0.9855043618478312,2124,96,11,10,0.013949305183047307,2.4925237270084158e-05,2.8560167705304767e-06,326.0053261832987,181.0461143459433,0.5553471057222816,208.22154499915845,171.06776219749966,0.8215660977743252,20230606_095538_ESWW0070023_8,ESWW0070023_8,C:\Users\datir\project1\data\processed\ts\ESWW0070023_8\overlay\20230606_095538_ESWW0070023_8.png
ESWW0070023,ESWW0070023_8,8,2023-06-06 12:33:05,20230606,123305,20230606_123305_ESWW0070023_8.txt,3853643,58581,3795062,0.015201460021076162,0.9847985399789239,4085,136,5,11,0.014155131576144587,3.53287312465483e-05,1.2988504134760405e-06,322.09034389115266,180.9146220100638,0.5616890584934833,203.45365556364123,161.90493693700088,0.795782884748199,20230606_123305_ESWW0070023_8,ESWW0070023_8,C:\Users\datir\project1\data\processed\ts\ESWW0070023_8\overlay\20230606_123305_ESWW0070023_8.png
ESWW0070023,ESWW0070023_8,8,2023-06-07 16:27:02,20230607,162702,20230607_162702_ESWW0070023_8.txt,3853618,79122,3774496,0.02053187420237294,0.9794681257976271,7186,222,8,11,0.018699667640036274,5.77158259914643e-05,2.0798495852779926e-06,307.71528615774804,174.6216554314039,0.5674780008877601,217.12445035445543,164.17451970622344,0.7561309628565954,20230607_162702_ESWW0070023_8,ESWW0070023_8,C:\Users\datir\project1\data\processed\ts\ESWW0070023_8\overlay\20230607_162702_ESWW0070023_8.png
ESWW0070023,ESWW0070023_8,8,2023-06-08 11:19:38,20230608,111938,20230608_111938_ESWW0070023_8.txt,3853598,115008,3738590,0.029844316921484804,0.9701556830785152,7678,298,9,13,0.027905156633523318,7.748471107043308e-05,2.3401422806506635e-06,276.8149078149563,169.24410976424784,0.6113981038816855,214.28392861847175,154.5143860057444,0.7210731434780355,20230608_111938_ESWW0070023_8,ESWW0070023_8,C:\Users\datir\project1\data\processed\ts\ESWW0070023_8\overlay\20230608_111938_ESWW0070023_8.png
ESWW0070023,ESWW0070023_9,9,2023-05-25 17:42:18,20230525,174218,20230525_174218_ESWW0070023_9.txt,3906905,902,3906003,0.0002308732871672078,0.9997691267128328,0,0,0,0,0.0002308732871672078,0.0,0.0,3001.6301770205455,1649.0565567131034,0.549386986224258,,,,20230525_174218_ESWW0070023_9,ESWW0070023_9,C:\Users\datir\project1\data\processed\ts\ESWW0070023_9\overlay\20230525_174218_ESWW0070023_9.png
ESWW0070023,ESWW0070023_9,9,2023-05-26 12:59:38,20230526,125938,20230526_125938_ESWW0070023_9.txt,3626015,529,3625486,0.00014589018523089396,0.9998541098147691,0,0,0,0,0.00014589018523089396,0.0,0.0,3047.1135766376333,1597.2429034712552,0.5241822673488096,,,,20230526_125938_ESWW0070023_9,ESWW0070023_9,C:\Users\datir\project1\data\processed\ts\ESWW0070023_9\overlay\20230526_125938_ESWW0070023_9.png
ESWW0070023,ESWW0070023_9,9,2023-05-27 10:38:56,20230527,103856,20230527_103856_ESWW0070023_9.txt,3626000,1246,3624754,0.00034362934362934365,0.9996563706563707,4,1,0,0,0.00034252657752518204,2.757862943036892e-07,0.0,3047.101778507251,1597.2356739099607,0.524181924337438,,,,20230527_103856_ESWW0070023_9,ESWW0070023_9,C:\Users\datir\project1\data\processed\ts\ESWW0070023_9\overlay\20230527_103856_ESWW0070023_9.png
ESWW0070023,ESWW0070023_9,9,2023-05-27 17:02:41,20230527,170241,20230527_170241_ESWW0070023_9.txt,3626019,2083,3623936,0.0005744592071911371,0.9994255407928089,143,1,0,1,0.0005350431178562091,2.7579542157536553e-07,0.0,1454.562087549589,823.8579064536572,0.5663958338427202,,,,20230527_170241_ESWW0070023_9,ESWW0070023_9,C:\Users\datir\project1\data\processed\ts\ESWW0070023_9\overlay\20230527_170241_ESWW0070023_9.png
ESWW0070023,ESWW0070023_9,9,2023-05-29 12:33:32,20230529,123332,20230529_123332_ESWW0070023_9.txt,3626019,7593,3618426,0.0020940320500251104,0.9979059679499749,2698,4,0,1,0.0013509705598813905,1.1039595994944968e-06,0.0,1438.744461928135,826.5097371873259,0.5744659729773541,,,,20230529_123332_ESWW0070023_9,ESWW0070023_9,C:\Users\datir\project1\data\processed\ts\ESWW0070023_9\overlay\20230529_123332_ESWW0070023_9.png
ESWW0070023,ESWW0070023_9,9,2023-05-30 12:32:54,20230530,123254,20230530_123254_ESWW0070023_9.txt,3625941,13107,3612834,0.0036147857893992206,0.9963852142106008,6169,7,0,1,0.001916695305671186,1.933823456283987e-06,0.0,1433.9181572241353,829.5805208647103,0.5785410531872069,,,,20230530_123254_ESWW0070023_9,ESWW0070023_9,C:\Users\datir\project1\data\processed\ts\ESWW0070023_9\overlay\20230530_123254_ESWW0070023_9.png
ESWW0070023,ESWW0070023_9,9,2023-05-31 09:52:22,20230531,095222,20230531_095222_ESWW0070023_9.txt,3625825,16704,3609121,0.004606951521377894,0.9953930484786221,6337,16,1,1,0.0028639409772873953,4.420514724734548e-06,2.7628217029590923e-07,1425.940492130332,828.12973649234,0.5807603760905391,,,,20230531_095222_ESWW0070023_9,ESWW0070023_9,C:\Users\datir\project1\data\processed\ts\ESWW0070023_9\overlay\20230531_095222_ESWW0070023_9.png
ESWW0070023,ESWW0070023_9,9,2023-05-31 16:54:11,20230531,165411,20230531_165411_ESWW0070023_9.txt,3626010,17271,3608739,0.0047630866986025965,0.9952369133013974,6741,16,0,1,0.002909427290427984,4.420782207677849e-06,0.0,1427.3553728380334,830.4421969420135,0.581804792797208,,,,20230531_165411_ESWW0070023_9,ESWW0070023_9,C:\Users\datir\project1\data\processed\ts\ESWW0070023_9\overlay\20230531_165411_ESWW0070023_9.png
ESWW0070023,ESWW0070023_9,9,2023-06-01 16:05:00,20230601,160500,20230601_160500_ESWW0070023_9.txt,3625939,24951,3600988,0.006881252001205757,0.9931187479987943,6072,12,3,4,0.005214556225408282,3.315038922700751e-06,8.287597306751878e-07,1096.9383980194416,827.9631064290064,0.7547945335161218,495.54898524269254,197.97452602500954,0.39950546145917853,20230601_160500_ESWW0070023_9,ESWW0070023_9,C:\Users\datir\project1\data\processed\ts\ESWW0070023_9\overlay\20230601_160500_ESWW0070023_9.png
ESWW0070023,ESWW0070023_9,9,2023-06-02 10:57:14,20230602,105714,20230602_105714_ESWW0070023_9.txt,3626032,28633,3597399,0.007896510565819607,0.9921034894341804,7831,30,6,5,0.005747607719969123,8.291413329441897e-06,1.6582826658883794e-06,858.802878425087,682.0407361005607,0.794176117983348,492.8789680031068,187.94328114582638,0.3813173077911527,20230602_105714_ESWW0070023_9,ESWW0070023_9,C:\Users\datir\project1\data\processed\ts\ESWW0070023_9\overlay\20230602_105714_ESWW0070023_9.png
ESWW0070023,ESWW0070023_9,9,2023-06-03 11:00:13,20230603,110013,20230603_110013_ESWW0070023_9.txt,3626019,49661,3576358,0.013695736288199261,0.9863042637118007,4717,63,12,8,0.012407692040045265,1.7397057743319945e-05,3.313725284441894e-06,451.23306089554325,292.7290769683258,0.6487314479736008,520.399891909737,551.4214390664378,1.0596109792468624,20230603_110013_ESWW0070023_9,ESWW0070023_9,C:\Users\datir\project1\data\processed\ts\ESWW0070023_9\overlay\20230603_110013_ESWW0070023_9.png
ESWW0070023,ESWW0070023_9,9,2023-06-04 13:32:44,20230604,133244,20230604_133244_ESWW0070023_9.txt,3626009,73967,3552042,0.020399011695779023,0.9796009883042209,2826,83,16,11,0.0196305292887497,2.2908034178786996e-05,4.4160065886818305e-06,326.1514988756757,250.095739375796,0.7668084931019401,419.53942213276855,191.1040907521277,0.4555092577012951,20230604_133244_ESWW0070023_9,ESWW0070023_9,C:\Users\datir\project1\data\processed\ts\ESWW0070023_9\overlay\20230604_133244_ESWW0070023_9.png
ESWW0070023,ESWW0070023_9,9,2023-06-06 09:56:52,20230606,095652,20230606_095652_ESWW0070023_9.txt,3625970,136226,3489744,0.037569533118034626,0.9624304668819654,8407,346,15,15,0.03532875585027821,9.564449879656553e-05,4.146437809099662e-06,235.85419384748286,137.2726590228767,0.5820233966738163,400.74017050683125,233.47115693625804,0.5825998343040535,20230606_095652_ESWW0070023_9,ESWW0070023_9,C:\Users\datir\project1\data\processed\ts\ESWW0070023_9\overlay\20230606_095652_ESWW0070023_9.png
ESWW0070023,ESWW0070023_9,9,2023-06-06 12:35:06,20230606,123506,20230606_123506_ESWW0070023_9.txt,3482338,141577,3340761,0.04065573186749821,0.9593442681325017,10602,317,14,15,0.03772205029414679,9.130878615194243e-05,4.032564688098404e-06,237.37339152353437,138.44397442283832,0.5832329122243354,404.6278339650061,229.0066646553119,0.5659686394068416,20230606_123506_ESWW0070023_9,ESWW0070023_9,C:\Users\datir\project1\data\processed\ts\ESWW0070023_9\overlay\20230606_123506_ESWW0070023_9.png
ESWW0070023,ESWW0070023_9,9,2023-06-07 16:27:50,20230607,162750,20230607_162750_ESWW0070023_9.txt,3482337,222806,3259531,0.06398174559211242,0.9360182544078876,8088,369,21,20,0.06179666454534491,0.00010621000394617657,6.044471769294601e-06,206.41242199638293,130.82102254268486,0.6337846398845962,306.83469462214543,181.60691224591633,0.591872156014032,20230607_162750_ESWW0070023_9,ESWW0070023_9,C:\Users\datir\project1\data\processed\ts\ESWW0070023_9\overlay\20230607_162750_ESWW0070023_9.png
ESWW0070023,ESWW0070023_9,9,2023-06-08 11:20:09,20230608,112009,20230608_112009_ESWW0070023_9.txt,3625731,378209,3247522,0.10431248208981858,0.8956875179101814,11166,535,22,22,0.10153946602149913,0.00014801227810262092,6.086486202350767e-06,195.0640166691097,128.82485270058032,0.660423459438488,249.95241393005483,157.02419433777786,0.628216354740701,20230608_112009_ESWW0070023_9,ESWW0070023_9,C:\Users\datir\project1\data\processed\ts\ESWW0070023_9\overlay\20230608_112009_ESWW0070023_9.png
ESWW0070025,ESWW0070025_1,1,2023-05-25 17:45:54,20230525,174554,20230525_174554_ESWW0070025_1.txt,4320261,1474,4318787,0.0003411830905586491,0.9996588169094414,0,0,0,0,0.0003411830905586491,0.0,0.0,3075.4409342061267,1662.3732790404406,0.5405316878470808,,,,20230525_174554_ESWW0070025_1,ESWW0070025_1,C:\Users\datir\project1\data\processed\ts\ESWW0070025_1\overlay\20230525_174554_ESWW0070025_1.png
ESWW0070025,ESWW0070025_1,1,2023-05-27 10:41:29,20230527,104129,20230527_104129_ESWW0070025_1.txt,4026259,0,4026259,0.0,1.0,0,0,0,0,0.0,0.0,0.0,3139.426292849074,1615.3679745106185,0.5145424112010762,,,,20230527_104129_ESWW0070025_1,ESWW0070025_1,C:\Users\datir\project1\data\processed\ts\ESWW0070025_1\overlay\20230527_104129_ESWW0070025_1.png
ESWW0070025,ESWW0070025_1,1,2023-05-27 17:03:44,20230527,170344,20230527_170344_ESWW0070025_1.txt,4026245,1547,4024698,0.00038422897762058694,0.9996157710223794,0,0,0,0,0.00038422897762058694,0.0,0.0,3139.416523390217,1615.362286992518,0.5145422007424832,,,,20230527_170344_ESWW0070025_1,ESWW0070025_1,C:\Users\datir\project1\data\processed\ts\ESWW0070025_1\overlay\20230527_170344_ESWW0070025_1.png
ESWW0070025,ESWW0070025_1,1,2023-05-29 12:34:40,20230529,123440,20230529_123440_ESWW0070025_1.txt,4026245,1572,4024673,0.0003904382371167179,0.9996095617628833,0,0,1,0,0.0003901898667368727,0.0,2.483703798452404e-07,3139.416523390217,1615.362286992518,0.5145422007424832,,,,20230529_123440_ESWW0070025_1,ESWW0070025_1,C:\Users\datir\project1\data\processed\ts\ESWW0070025_1\overlay\20230529_123440_ESWW0070025_1.png
ESWW0070025,ESWW0070025_1,1,2023-05-30 12:34:02,20230530,123402,20230530_123402_ESWW0070025_1.txt,4026245,422,4025823,0.00010481230029469146,0.9998951876997053,0,3,1,0,0.00010456392991484621,7.451111395357213e-07,2.483703798452404e-07,3139.416523390217,1615.362286992518,0.5145422007424832,,,,20230530_123402_ESWW0070025_1,ESWW0070025_1,C:\Users\datir\project1\data\processed\ts\ESWW0070025_1\overlay\20230530_123402_ESWW0070025_1.png
ESWW0070025,ESWW0070025_1,1,2023-05-31 09:53:23,20230531,095323,20230531_095323_ESWW0070025_1.txt,4026248,292,4025956,7.252409687629774e-05,0.9999274759031237,0,2,1,0,7.227572668151589e-05,4.967403895636831e-07,2.4837019478184154e-07,3139.4186168609353,1615.363505772962,0.5145422458468261,,,,20230531_095323_ESWW0070025_1,ESWW0070025_1,C:\Users\datir\project1\data\processed\ts\ESWW0070025_1\overlay\20230531_095323_ESWW0070025_1.png
ESWW0070025,ESWW0070025_1,1,2023-05-31 16:54:57,20230531,165457,20230531_165457_ESWW0070025_1.txt,4026245,4190,4022055,0.0010406718915515574,0.9989593281084485,0,8,3,1,0.0010399267804120217,1.9869630387619232e-06,7.451111395357213e-07,1745.743740815758,1187.0628676870879,0.6799754396555319,,,,20230531_165457_ESWW0070025_1,ESWW0070025_1,C:\Users\datir\project1\data\processed\ts\ESWW0070025_1\overlay\20230531_165457_ESWW0070025_1.png
ESWW0070025,ESWW0070025_1,1,2023-06-01 16:05:52,20230601,160552,20230601_160552_ESWW0070025_1.txt,4025972,2741,4023231,0.0006808293748689757,0.999319170625131,0,0,6,2,0.0006793390515383614,0.0,1.4903233306143213e-06,1672.669869825647,1244.3034486361146,0.7439025901541565,474.50282387961954,0.0,0.0,20230601_160552_ESWW0070025_1,ESWW0070025_1,C:\Users\datir\project1\data\processed\ts\ESWW0070025_1\overlay\20230601_160552_ESWW0070025_1.png
ESWW0070025,ESWW0070025_1,1,2023-06-02 10:57:53,20230602,105753,20230602_105753_ESWW0070025_1.txt,4026259,9867,4016392,0.0024506620165270043,0.997549337983473,0,8,6,4,0.002449171799429694,1.9869561297472417e-06,1.4902170973104315e-06,1041.4662458993923,947.512177285718,0.9097867367438902,739.6924334390402,271.483578770645,0.36702224667682587,20230602_105753_ESWW0070025_1,ESWW0070025_1,C:\Users\datir\project1\data\processed\ts\ESWW0070025_1\overlay\20230602_105753_ESWW0070025_1.png
ESWW0070025,ESWW0070025_1,1,2023-06-03 11:00:41,20230603,110041,20230603_110041_ESWW0070025_1.txt,4020375,11279,4009096,0.0028054596897055624,0.9971945403102944,0,15,4,5,0.0028044647576407674,3.730995242981065e-06,9.949320647949506e-07,1028.716320270284,957.3237930777918,0.9306003746749788,561.0397792780939,281.7452950467045,0.5021841684902171,20230603_110041_ESWW0070025_1,ESWW0070025_1,C:\Users\datir\project1\data\processed\ts\ESWW0070025_1\overlay\20230603_110041_ESWW0070025_1.png
ESWW0070025,ESWW0070025_1,1,2023-06-04 13:33:16,20230604,133316,20230604_133316_ESWW0070025_1.txt,4026191,12554,4013637,0.003118083568315562,0.9968819164316844,0,31,11,6,0.0031153514574941924,7.699585042040977e-06,2.7321108213693786e-06,468.35016890041527,342.6996498370047,0.7317167209346571,912.0424855147998,825.6296509544774,0.9052534986771511,20230604_133316_ESWW0070025_1,ESWW0070025_1,C:\Users\datir\project1\data\processed\ts\ESWW0070025_1\overlay\20230604_133316_ESWW0070025_1.png
ESWW0070025,ESWW0070025_1,1,2023-06-06 10:02:38,20230606,100238,20230606_100238_ESWW0070025_1.txt,4026247,26974,3999273,0.0066995392980112745,0.9933004607019887,0,56,16,7,0.00669556537390776,1.390873436229819e-05,3.973924103513769e-06,462.3769727250824,343.6857549519484,0.7433020570345211,768.2796975978672,826.8675045674245,1.0762584344643495,20230606_100238_ESWW0070025_1,ESWW0070025_1,C:\Users\datir\project1\data\processed\ts\ESWW0070025_1\overlay\20230606_100238_ESWW0070025_1.png
ESWW0070025,ESWW0070025_1,1,2023-06-06 12:02:59,20230606,120259,20230606_120259_ESWW0070025_1.txt,4024764,19102,4005662,0.004746116790947246,0.9952538832090527,0,46,13,6,0.004742886787896135,1.1429241565468187e-05,3.2300030511105744e-06,463.3481700788745,342.27359598065664,0.7386963369735383,912.425935671398,822.7323138039153,0.9016976410238902,20230606_120259_ESWW0070025_1,ESWW0070025_1,C:\Users\datir\project1\data\processed\ts\ESWW0070025_1\overlay\20230606_120259_ESWW0070025_1.png
ESWW0070025,ESWW0070025_1,1,2023-06-07 16:12:02,20230607,161202,20230607_161202_ESWW0070025_1.txt,4026091,20134,4005957,0.005000880506675085,0.9949991194933249,0,54,14,6,0.004997154808473033,1.3412513527389221e-05,3.4773183219157244e-06,462.94046336173443,342.7081809004533,0.7402856479898291,914.3809485005363,820.5213843755084,0.8973517938240674,20230607_161202_ESWW0070025_1,ESWW0070025_1,C:\Users\datir\project1\data\processed\ts\ESWW0070025_1\overlay\20230607_161202_ESWW0070025_1.png
ESWW0070025,ESWW0070025_1,1,2023-06-08 11:08:58,20230608,110858,20230608_110858_ESWW0070025_1.txt,4025671,25511,4000160,0.006337080203523835,0.9936629197964761,1098,54,17,7,0.0060617610862071574,1.3417572497753177e-05,4.224050601144519e-06,463.5305902989313,343.77937033347416,0.741654116315755,776.2689679697693,821.115924136395,1.0577724448832693,20230608_110858_ESWW0070025_1,ESWW0070025_1,C:\Users\datir\project1\data\processed\ts\ESWW0070025_1\overlay\20230608_110858_ESWW0070025_1.png
ESWW0070025,ESWW0070025_10,10,2023-05-25 17:53:57,20230525,175357,20230525_175357_ESWW0070025_10.txt,4012414,0,4012414,0.0,1.0,0,0,0,0,0.0,0.0,0.0,2957.4677603399596,1629.2680543850995,0.5508996839234576,,,,20230525_175357_ESWW0070025_10,ESWW0070025_10,C:\Users\datir\project1\data\processed\ts\ESWW0070025_10\overlay\20230525_175357_ESWW0070025_10.png
ESWW0070025,ESWW0070025_10,10,2023-05-26 13:06:57,20230526,130657,20230526_130657_ESWW0070025_10.txt,3728982,0,3728982,0.0,1.0,0,0,0,0,0.0,0.0,0.0,2990.1982434771858,1590.6598148330602,0.5319579791416583,,,,20230526_130657_ESWW0070025_10,ESWW0070025_10,C:\Users\datir\project1\data\processed\ts\ESWW0070025_10\overlay\20230526_130657_ESWW0070025_10.png
ESWW0070025,ESWW0070025_10,10,2023-05-27 10:47:35,20230527,104735,20230527_104735_ESWW0070025_10.txt,3765585,0,3765585,0.0,1.0,0,0,0,0,0.0,0.0,0.0,2970.2183285064125,1596.5728109148558,0.5375270886964392,,,,20230527_104735_ESWW0070025_10,ESWW0070025_10,C:\Users\datir\project1\data\processed\ts\ESWW0070025_10\overlay\20230527_104735_ESWW0070025_10.png
ESWW0070025,ESWW0070025_10,10,2023-05-27 17:08:23,20230527,170823,20230527_170823_ESWW0070025_10.txt,3728980,0,3728980,0.0,1.0,0,0,0,0,0.0,0.0,0.0,2990.1967161338785,1590.658874217825,0.5319579362907063,,,,20230527_170823_ESWW0070025_10,ESWW0070025_10,C:\Users\datir\project1\data\processed\ts\ESWW0070025_10\overlay\20230527_170823_ESWW0070025_10.png
ESWW0070025,ESWW0070025_10,10,2023-05-29 12:38:50,20230529,123850,20230529_123850_ESWW0070025_10.txt,3728389,1,3728388,2.682123565969109e-07,0.9999997317876435,0,0,1,0,0.0,0.0,2.682123565969109e-07,2990.069226344929,1590.7524483975544,0.5320119127616639,,,,20230529_123850_ESWW0070025_10,ESWW0070025_10,C:\Users\datir\project1\data\processed\ts\ESWW0070025_10\overlay\20230529_123850_ESWW0070025_10.png
ESWW0070025,ESWW0070025_10,10,2023-05-30 12:37:50,20230530,123750,20230530_123750_ESWW0070025_10.txt,3728919,2,3728917,5.363484698916764e-07,0.9999994636515301,0,0,1,0,0.0,0.0,2.681742349458382e-07,2990.1876270384364,1590.6711478821248,0.5319636578984741,,,,20230530_123750_ESWW0070025_10,ESWW0070025_10,C:\Users\datir\project1\data\processed\ts\ESWW0070025_10\overlay\20230530_123750_ESWW0070025_10.png
ESWW0070025,ESWW0070025_10,10,2023-05-31 09:58:25,20230531,095825,20230531_095825_ESWW0070025_10.txt,3727648,3,3727645,8.04797019461065e-07,0.9999991952029805,0,0,3,0,0.0,0.0,8.04797019461065e-07,2989.9074081798663,1590.864083243009,0.5320780432499955,,,,20230531_095825_ESWW0070025_10,ESWW0070025_10,C:\Users\datir\project1\data\processed\ts\ESWW0070025_10\overlay\20230531_095825_ESWW0070025_10.png
ESWW0070025,ESWW0070025_10,10,2023-05-31 16:59:06,20230531,165906,20230531_165906_ESWW0070025_10.txt,3728950,2,3728948,5.363440110486866e-07,0.9999994636559889,0,0,2,0,0.0,0.0,5.363440110486866e-07,2990.1953642184812,1590.6663360619214,0.5319606722344239,,,,20230531_165906_ESWW0070025_10,ESWW0070025_10,C:\Users\datir\project1\data\processed\ts\ESWW0070025_10\overlay\20230531_165906_ESWW0070025_10.png
ESWW0070025,ESWW0070025_10,10,2023-06-01 16:09:25,20230601,160925,20230601_160925_ESWW0070025_10.txt,3728965,3,3728962,8.045127803559432e-07,0.9999991954872196,0,0,3,0,0.0,0.0,8.045127803559432e-07,2990.2009426458453,1590.6629382966798,0.5319585435249043,,,,20230601_160925_ESWW0070025_10,ESWW0070025_10,C:\Users\datir\project1\data\processed\ts\ESWW0070025_10\overlay\20230601_160925_ESWW0070025_10.png
ESWW0070025,ESWW0070025_10,10,2023-06-02 11:01:59,20230602,110159,20230602_110159_ESWW0070025_10.txt,3728978,0,3728978,0.0,1.0,0,0,0,0,0.0,0.0,0.0,2990.1951886635297,1590.6579333750406,0.5319578933862128,,,,20230602_110159_ESWW0070025_10,ESWW0070025_10,C:\Users\datir\project1\data\processed\ts\ESWW0070025_10\overlay\20230602_110159_ESWW0070025_10.png
ESWW0070025,ESWW0070025_10,10,2023-06-03 11:02:50,20230603,110250,20230603_110250_ESWW0070025_10.txt,3727654,2,3727652,5.3653048271111e-07,0.9999994634695173,0,0,2,0,0.0,0.0,5.3653048271111e-07,2989.915026934611,1590.8701888685735,0.5320787295081097,,,,20230603_110250_ESWW0070025_10,ESWW0070025_10,C:\Users\datir\project1\data\processed\ts\ESWW0070025_10\overlay\20230603_110250_ESWW0070025_10.png
ESWW0070025,ESWW0070025_10,10,2023-06-04 13:36:14,20230604,133614,20230604_133614_ESWW0070025_10.txt,3725376,12,3725364,3.221151368345101e-06,0.9999967788486317,0,0,3,0,2.415863526258826e-06,0.0,8.052878420862753e-07,2988.7891672487513,1590.7280185062905,0.5322315926253814,,,,20230604_133614_ESWW0070025_10,ESWW0070025_10,C:\Users\datir\project1\data\processed\ts\ESWW0070025_10\overlay\20230604_133614_ESWW0070025_10.png
ESWW0070025,ESWW0070025_10,10,2023-06-06 10:19:25,20230606,101925,20230606_101925_ESWW0070025_10.txt,3728072,43,3728029,1.1534112002128714e-05,0.9999884658879978,0,0,6,0,9.924701025087497e-06,0.0,1.6094109770412159e-06,2989.995008023757,1590.7993022355276,0.5320407886857876,,,,20230606_101925_ESWW0070025_10,ESWW0070025_10,C:\Users\datir\project1\data\processed\ts\ESWW0070025_10\overlay\20230606_101925_ESWW0070025_10.png
ESWW0070025,ESWW0070025_10,10,2023-06-06 12:19:13,20230606,121913,20230606_121913_ESWW0070025_10.txt,3724093,6,3724087,1.6111305491028286e-06,0.9999983888694509,0,0,5,0,0.0,0.0,1.3426087909190237e-06,2988.1014304278415,1590.562901903272,0.532298832197116,,,,20230606_121913_ESWW0070025_10,ESWW0070025_10,C:\Users\datir\project1\data\processed\ts\ESWW0070025_10\overlay\20230606_121913_ESWW0070025_10.png
ESWW0070025,ESWW0070025_10,10,2023-06-07 16:18:08,20230607,161808,20230607_161808_ESWW0070025_10.txt,3728982,1266,3727716,0.00033950284554873155,0.9996604971544513,0,1,4,1,0.0003384301667318319,2.6816970422490645e-07,1.0726788168996258e-06,1542.0763692959624,1034.411181465062,0.6707911502056959,,,,20230607_161808_ESWW0070025_10,ESWW0070025_10,C:\Users\datir\project1\data\processed\ts\ESWW0070025_10\overlay\20230607_161808_ESWW0070025_10.png
ESWW0070025,ESWW0070025_10,10,2023-06-08 11:13:33,20230608,111333,20230608_111333_ESWW0070025_10.txt,3728821,5836,3722985,0.0015651059678112734,0.9984348940321888,81,13,6,2,0.0015418076883880346,3.486432414166716e-06,1.6091226526923304e-06,747.7477855144318,466.98569731215474,0.6245230094407839,2050.3056805136034,0.0,0.0,20230608_111333_ESWW0070025_10,ESWW0070025_10,C:\Users\datir\project1\data\processed\ts\ESWW0070025_10\overlay\20230608_111333_ESWW0070025_10.png
ESWW0070025,ESWW0070025_2,2,2023-05-25 17:46:43,20230525,174643,20230525_174643_ESWW0070025_2.txt,3485232,804,3484428,0.00023068765580024515,0.9997693123441997,0,0,0,0,0.00023068765580024515,0.0,0.0,3025.7132471046325,1663.1426188405578,0.5496696094489633,,,,20230525_174643_ESWW0070025_2,ESWW0070025_2,C:\Users\datir\project1\data\processed\ts\ESWW0070025_2\overlay\20230525_174643_ESWW0070025_2.png
ESWW0070025,ESWW0070025_2,2,2023-05-26 13:01:01,20230526,130101,20230526_130101_ESWW0070025_2.txt,3253060,0,3253060,0.0,1.0,0,0,0,0,0.0,0.0,0.0,3079.66042869235,1632.5095042043167,0.5300939964012508,,,,20230526_130101_ESWW0070025_2,ESWW0070025_2,C:\Users\datir\project1\data\processed\ts\ESWW0070025_2\overlay\20230526_130101_ESWW0070025_2.png
ESWW0070025,ESWW0070025_2,2,2023-05-26 13:01:43,20230526,130143,20230526_130143_ESWW0070025_2.txt,3253812,465,3253347,0.00014290930145933447,0.9998570906985407,0,0,0,0,0.00014290930145933447,0.0,0.0,3080.218480663124,1632.742575570645,0.5300736249134965,,,,20230526_130143_ESWW0070025_2,ESWW0070025_2,C:\Users\datir\project1\data\processed\ts\ESWW0070025_2\overlay\20230526_130143_ESWW0070025_2.png
ESWW0070025,ESWW0070025_2,2,2023-05-27 10:42:04,20230527,104204,20230527_104204_ESWW0070025_2.txt,3253939,0,3253939,0.0,1.0,0,0,0,0,0.0,0.0,0.0,3080.365964637866,1632.8507674620787,0.5300833687318188,,,,20230527_104204_ESWW0070025_2,ESWW0070025_2,C:\Users\datir\project1\data\processed\ts\ESWW0070025_2\overlay\20230527_104204_ESWW0070025_2.png
ESWW0070025,ESWW0070025_2,2,2023-05-27 17:04:18,20230527,170418,20230527_170418_ESWW0070025_2.txt,3253817,453,3253364,0.00013922110555080388,0.9998607788944492,0,0,0,0,0.00013922110555080388,0.0,0.0,3080.246293075768,1632.785545614838,0.5300827889267342,,,,20230527_170418_ESWW0070025_2,ESWW0070025_2,C:\Users\datir\project1\data\processed\ts\ESWW0070025_2\overlay\20230527_170418_ESWW0070025_2.png
ESWW0070025,ESWW0070025_2,2,2023-05-29 12:35:05,20230529,123505,20230529_123505_ESWW0070025_2.txt,3254025,1444,3252581,0.00044375811494994663,0.9995562418850501,0,0,0,0,0.00044375811494994663,0.0,0.0,3080.3680263762785,1632.816062470261,0.5300717474304826,,,,20230529_123505_ESWW0070025_2,ESWW0070025_2,C:\Users\datir\project1\data\processed\ts\ESWW0070025_2\overlay\20230529_123505_ESWW0070025_2.png
ESWW0070025,ESWW0070025_2,2,2023-05-30 12:34:24,20230530,123424,20230530_123424_ESWW0070025_2.txt,3253693,1563,3252130,0.00048037722059210875,0.9995196227794079,0,0,0,0,0.00048037722059210875,0.0,0.0,3080.2979748725893,1632.8723907883793,0.5301020888590884,,,,20230530_123424_ESWW0070025_2,ESWW0070025_2,C:\Users\datir\project1\data\processed\ts\ESWW0070025_2\overlay\20230530_123424_ESWW0070025_2.png
ESWW0070025,ESWW0070025_2,2,2023-05-31 09:53:49,20230531,095349,20230531_095349_ESWW0070025_2.txt,3253953,2740,3251213,0.0008420527278666901,0.9991579472721334,0,3,0,2,0.0008420527278666901,9.219555414598797e-07,0.0,1489.0568726082479,999.0571417269855,0.6709328301054253,204.99934167050617,0.0,0.0,20230531_095349_ESWW0070025_2,ESWW0070025_2,C:\Users\datir\project1\data\processed\ts\ESWW0070025_2\overlay\20230531_095349_ESWW0070025_2.png
ESWW0070025,ESWW0070025_2,2,2023-05-31 16:55:32,20230531,165532,20230531_165532_ESWW0070025_2.txt,3253945,8808,3245137,0.0027068681246917204,0.9972931318753083,0,0,1,2,0.002706560805422341,0.0,3.07319269379169e-07,1467.2869873904815,1009.5347205367106,0.6880281289293874,210.5048425249446,0.0,0.0,20230531_165532_ESWW0070025_2,ESWW0070025_2,C:\Users\datir\project1\data\processed\ts\ESWW0070025_2\overlay\20230531_165532_ESWW0070025_2.png
ESWW0070025,ESWW0070025_2,2,2023-06-01 16:06:08,20230601,160608,20230601_160608_ESWW0070025_2.txt,3253999,2268,3251731,0.0006969885362595379,0.9993030114637405,218,0,0,2,0.0006300362562815384,0.0,0.0,1487.8042505027968,999.2408720290243,0.6716211972719767,197.66429723664373,0.0,0.0,20230601_160608_ESWW0070025_2,ESWW0070025_2,C:\Users\datir\project1\data\processed\ts\ESWW0070025_2\overlay\20230601_160608_ESWW0070025_2.png
ESWW0070025,ESWW0070025_2,2,2023-06-02 10:58:14,20230602,105814,20230602_105814_ESWW0070025_2.txt,3253869,5865,3248004,0.0018024696138658318,0.9981975303861341,0,2,0,2,0.0018024696138658318,6.146528947539068e-07,0.0,1470.6026728780507,1007.2450117616111,0.6849198837578453,217.02130889020273,0.0,0.0,20230602_105814_ESWW0070025_2,ESWW0070025_2,C:\Users\datir\project1\data\processed\ts\ESWW0070025_2\overlay\20230602_105814_ESWW0070025_2.png
ESWW0070025,ESWW0070025_2,2,2023-06-03 11:00:58,20230603,110058,20230603_110058_ESWW0070025_2.txt,3253959,5695,3248264,0.0017501757090362846,0.9982498242909638,0,1,4,4,0.0017489464372476727,3.073179471529912e-07,1.2292717886119648e-06,1320.104399387063,1079.3700385671195,0.8176399071681613,362.43965988099774,187.86558749650962,0.5183361764498753,20230603_110058_ESWW0070025_2,ESWW0070025_2,C:\Users\datir\project1\data\processed\ts\ESWW0070025_2\overlay\20230603_110058_ESWW0070025_2.png
ESWW0070025,ESWW0070025_2,2,2023-06-04 13:33:32,20230604,133332,20230604_133332_ESWW0070025_2.txt,3253884,9803,3244081,0.0030127072753669154,0.996987292724633,318,10,5,4,0.002913726047051143,3.0735506825434e-06,1.5367753412717e-06,1314.562627668586,1084.0918492025846,0.8246787383003975,357.5478733666966,187.97060443651475,0.5257215003590148,20230604_133332_ESWW0070025_2,ESWW0070025_2,C:\Users\datir\project1\data\processed\ts\ESWW0070025_2\overlay\20230604_133332_ESWW0070025_2.png
ESWW0070025,ESWW0070025_2,2,2023-06-06 10:03:43,20230606,100343,20230606_100343_ESWW0070025_2.txt,3253909,28551,3225358,0.008774369535226707,0.9912256304647733,364,23,9,4,0.008660707013426893,7.069212197771969e-06,2.766213468693379e-06,1301.5700401410354,1090.5506783481856,0.837873218278761,354.3799663796535,197.46988862654098,0.557226444383676,20230606_100343_ESWW0070025_2,ESWW0070025_2,C:\Users\datir\project1\data\processed\ts\ESWW0070025_2\overlay\20230606_100343_ESWW0070025_2.png
ESWW0070025,ESWW0070025_2,2,2023-06-06 12:04:10,20230606,120410,20230606_120410_ESWW0070025_2.txt,3254051,18828,3235223,0.005786018719436173,0.9942139812805638,3,23,5,4,0.005783565577397752,7.068119462282056e-06,1.5365477091917513e-06,1306.616469941364,1086.3057240021685,0.8313883599300703,360.30163781243243,187.57740289947068,0.520612129432286,20230606_120410_ESWW0070025_2,ESWW0070025_2,C:\Users\datir\project1\data\processed\ts\ESWW0070025_2\overlay\20230606_120410_ESWW0070025_2.png
ESWW0070025,ESWW0070025_2,2,2023-06-07 16:12:38,20230607,161238,20230607_161238_ESWW0070025_2.txt,3253884,18137,3235747,0.005573954080723222,0.9944260459192767,93,28,5,4,0.005543994681895672,8.605346809306436e-06,1.5366690730904351e-06,1304.7902652090195,1086.4672700411036,0.8326757939652916,357.90464443567276,188.67149518437628,0.527155760948184,20230607_161238_ESWW0070025_2,ESWW0070025_2,C:\Users\datir\project1\data\processed\ts\ESWW0070025_2\overlay\20230607_161238_ESWW0070025_2.png
ESWW0070025,ESWW0070025_2,2,2023-06-08 11:09:25,20230608,110925,20230608_110925_ESWW0070025_2.txt,3253973,28889,3225084,0.008878069977839399,0.9911219300221606,0,24,10,6,0.008874996811590017,7.375598998516583e-06,3.0731662493819093e-06,1240.7208904261854,1136.2383609437788,0.9157888528446418,348.7889433924865,142.3498210949163,0.4081259563745184,20230608_110925_ESWW0070025_2,ESWW0070025_2,C:\Users\datir\project1\data\processed\ts\ESWW0070025_2\overlay\20230608_110925_ESWW0070025_2.png
ESWW0070025,ESWW0070025_3,3,2023-05-25 17:47:36,20230525,174736,20230525_174736_ESWW0070025_3.txt,3979519,567,3978952,0.00014247953081766916,0.9998575204691823,0,0,0,0,0.00014247953081766916,0.0,0.0,2783.843330936954,1527.1008767629266,0.5485584838026616,,,,20230525_174736_ESWW0070025_3,ESWW0070025_3,C:\Users\datir\project1\data\processed\ts\ESWW0070025_3\overlay\20230525_174736_ESWW0070025_3.png
ESWW0070025,ESWW0070025_3,3,2023-05-27 10:42:42,20230527,104242,20230527_104242_ESWW0070025_3.txt,3730281,4203,3726078,0.0011267247695280864,0.9988732752304719,0,2,0,1,0.0011267247695280864,5.36152638366922e-07,0.0,1303.0969098005037,736.0017970575698,0.5648097171608267,,,,20230527_104242_ESWW0070025_3,ESWW0070025_3,C:\Users\datir\project1\data\processed\ts\ESWW0070025_3\overlay\20230527_104242_ESWW0070025_3.png
ESWW0070025,ESWW0070025_3,3,2023-05-27 17:04:47,20230527,170447,20230527_170447_ESWW0070025_3.txt,3729978,5087,3724891,0.0013638150144585303,0.9986361849855415,0,0,0,1,0.0013638150144585303,0.0,0.0,1302.3584515170633,735.8341928735354,0.5650012805740176,,,,20230527_170447_ESWW0070025_3,ESWW0070025_3,C:\Users\datir\project1\data\processed\ts\ESWW0070025_3\overlay\20230527_170447_ESWW0070025_3.png
ESWW0070025,ESWW0070025_3,3,2023-05-29 12:35:28,20230529,123528,20230529_123528_ESWW0070025_3.txt,3730281,8100,3722181,0.002171418185386034,0.997828581814614,0,1,2,2,0.002170882032747667,2.68076319183461e-07,5.36152638366922e-07,1245.5829130315337,732.1742951722161,0.5878165857222867,169.50412999339233,0.0,0.0,20230529_123528_ESWW0070025_3,ESWW0070025_3,C:\Users\datir\project1\data\processed\ts\ESWW0070025_3\overlay\20230529_123528_ESWW0070025_3.png
ESWW0070025,ESWW0070025_3,3,2023-05-30 12:34:46,20230530,123446,20230530_123446_ESWW0070025_3.txt,3730153,3252,3726901,0.0008718141052123063,0.9991281858947877,0,0,1,2,0.0008715460196940983,0.0,2.680855182079663e-07,1273.1945490759936,736.4892275643512,0.5784577291026338,162.05135969264742,0.0,0.0,20230530_123446_ESWW0070025_3,ESWW0070025_3,C:\Users\datir\project1\data\processed\ts\ESWW0070025_3\overlay\20230530_123446_ESWW0070025_3.png
ESWW0070025,ESWW0070025_3,3,2023-05-31 09:54:15,20230531,095415,20230531_095415_ESWW0070025_3.txt,3729908,4705,3725203,0.0012614252147774155,0.9987385747852225,0,0,1,2,0.0012611571116499388,0.0,2.6810312747660266e-07,1251.5151547073795,732.916045325382,0.5856229887178213,172.7542219948284,0.0,0.0,20230531_095415_ESWW0070025_3,ESWW0070025_3,C:\Users\datir\project1\data\processed\ts\ESWW0070025_3\overlay\20230531_095415_ESWW0070025_3.png
ESWW0070025,ESWW0070025_3,3,2023-05-31 16:56:06,20230531,165606,20230531_165606_ESWW0070025_3.txt,3730281,7789,3722492,0.0020880464501199774,0.99791195354988,0,0,3,2,0.0020872422211624274,0.0,8.042289575503829e-07,1251.8376980276926,732.8887403519185,0.5854502876104518,161.68754384871414,0.0,0.0,20230531_165606_ESWW0070025_3,ESWW0070025_3,C:\Users\datir\project1\data\processed\ts\ESWW0070025_3\overlay\20230531_165606_ESWW0070025_3.png
ESWW0070025,ESWW0070025_3,3,2023-06-01 16:06:34,20230601,160634,20230601_160634_ESWW0070025_3.txt,3730281,8966,3721315,0.002403572277798911,0.9975964277222011,0,0,2,2,0.002403036125160544,0.0,5.36152638366922e-07,1245.1396598607753,731.5242714391451,0.5875037917601469,169.07426908729005,0.0,0.0,20230601_160634_ESWW0070025_3,ESWW0070025_3,C:\Users\datir\project1\data\processed\ts\ESWW0070025_3\overlay\20230601_160634_ESWW0070025_3.png
ESWW0070025,ESWW0070025_3,3,2023-06-04 13:33:50,20230604,133350,20230604_133350_ESWW0070025_3.txt,3729748,12368,3717380,0.003316041727215887,0.9966839582727841,0,2,8,3,0.0033138968101866398,5.362292573117541e-07,2.1449170292470162e-06,874.140895987205,621.2929515158665,0.7107469223416365,561.9996359422852,548.5615549371327,0.9760888083448286,20230604_133350_ESWW0070025_3,ESWW0070025_3,C:\Users\datir\project1\data\processed\ts\ESWW0070025_3\overlay\20230604_133350_ESWW0070025_3.png
ESWW0070025,ESWW0070025_3,3,2023-06-06 10:04:45,20230606,100445,20230606_100445_ESWW0070025_3.txt,3730189,27057,3703132,0.007253519861862227,0.9927464801381378,11,26,12,5,0.00724737532632491,6.970176758320917e-06,3.217004657686577e-06,523.3505941466342,385.6005014097957,0.7367919435317519,435.94344369912034,255.01043428336035,0.5849621962874698,20230606_100445_ESWW0070025_3,ESWW0070025_3,C:\Users\datir\project1\data\processed\ts\ESWW0070025_3\overlay\20230606_100445_ESWW0070025_3.png
ESWW0070025,ESWW0070025_3,3,2023-06-06 12:06:39,20230606,120639,20230606_120639_ESWW0070025_3.txt,3730281,16679,3713602,0.0044712449276609455,0.9955287550723391,249,15,8,5,0.004402643194481978,4.0214132211198185e-06,2.1447537179305702e-06,536.3943332061042,387.2988826490745,0.7220413391285004,436.5463838096408,230.24603592823536,0.5274262815303398,20230606_120639_ESWW0070025_3,ESWW0070025_3,C:\Users\datir\project1\data\processed\ts\ESWW0070025_3\overlay\20230606_120639_ESWW0070025_3.png
ESWW0070025,ESWW0070025_3,3,2023-06-07 16:13:08,20230607,161308,20230607_161308_ESWW0070025_3.txt,3730281,28825,3701456,0.007727299900463263,0.9922727000995367,311,35,8,6,0.007642420716520508,9.383453486221068e-06,2.1447893682791013e-06,387.39145163390907,269.1383202943983,0.6947451193340688,540.8889748236858,337.0219387911544,0.6230889414986021,20230607_161308_ESWW0070025_3,ESWW0070025_3,C:\Users\datir\project1\data\processed\ts\ESWW0070025_3\overlay\20230607_161308_ESWW0070025_3.png
ESWW0070025,ESWW0070025_3,3,2023-06-08 11:09:54,20230608,110954,20230608_110954_ESWW0070025_3.txt,3729896,43286,3686610,0.011605149312474129,0.9883948506875259,1012,45,9,6,0.011334490426626305,1.2067953843562846e-05,2.413590768712569e-06,366.3695768173545,269.5394379383679,0.7357036582563754,546.9220039967882,330.2260818190316,0.6037900823258353,20230608_110954_ESWW0070025_3,ESWW0070025_3,C:\Users\datir\project1\data\processed\ts\ESWW0070025_3\overlay\20230608_110954_ESWW0070025_3.png
ESWW0070025,ESWW0070025_5,5,2023-05-25 17:49:34,20230525,174934,20230525_174934_ESWW0070025_5.txt,3537574,0,3537574,0.0,1.0,0,0,0,0,0.0,0.0,0.0,3110.5518034076836,1694.7200672298595,0.544829398235147,,,,20230525_174934_ESWW0070025_5,ESWW0070025_5,C:\Users\datir\project1\data\processed\ts\ESWW0070025_5\overlay\20230525_174934_ESWW0070025_5.png
ESWW0070025,ESWW0070025_5,5,2023-05-26 13:03:13,20230526,130313,20230526_130313_ESWW0070025_5.txt,3166573,17,3166556,5.3685798495723925e-06,0.9999946314201504,0,0,1,0,5.052781034891664e-06,0.0,3.15798814680729e-07,3168.9663160515743,1640.5157855057873,0.517681673420188,,,,20230526_130313_ESWW0070025_5,ESWW0070025_5,C:\Users\datir\project1\data\processed\ts\ESWW0070025_5\overlay\20230526_130313_ESWW0070025_5.png
ESWW0070025,ESWW0070025_5,5,2023-05-27 10:43:36,20230527,104336,20230527_104336_ESWW0070025_5.txt,3166357,1,3166356,3.158203575907581e-07,0.9999996841796424,0,0,1,0,0.0,0.0,3.158203575907581e-07,3168.950032448462,1640.5731722816224,0.5177024426018001,,,,20230527_104336_ESWW0070025_5,ESWW0070025_5,C:\Users\datir\project1\data\processed\ts\ESWW0070025_5\overlay\20230527_104336_ESWW0070025_5.png
ESWW0070025,ESWW0070025_5,5,2023-05-27 17:05:29,20230527,170529,20230527_170529_ESWW0070025_5.txt,3166427,567,3165860,0.00017906618406172004,0.9998209338159383,0,0,1,0,0.0001787503706859498,0.0,3.1581337577022933e-07,3168.859522594276,1640.4780473168055,0.5176872106889049,,,,20230527_170529_ESWW0070025_5,ESWW0070025_5,C:\Users\datir\project1\data\processed\ts\ESWW0070025_5\overlay\20230527_170529_ESWW0070025_5.png
ESWW0070025,ESWW0070025_5,5,2023-05-29 12:36:10,20230529,123610,20230529_123610_ESWW0070025_5.txt,3166530,1,3166529,3.1580310308129085e-07,0.9999996841968969,0,0,1,0,0.0,0.0,3.1580310308129085e-07,3168.9567017926483,1640.5209966130092,0.5176848884318874,,,,20230529_123610_ESWW0070025_5,ESWW0070025_5,C:\Users\datir\project1\data\processed\ts\ESWW0070025_5\overlay\20230529_123610_ESWW0070025_5.png
ESWW0070025,ESWW0070025_5,5,2023-05-30 12:35:54,20230530,123554,20230530_123554_ESWW0070025_5.txt,3165507,2,3165505,6.318103229593238e-07,0.999999368189677,0,0,0,0,6.318103229593238e-07,0.0,0.0,3169.35082854617,1640.4298059045404,0.5175917387022222,,,,20230530_123554_ESWW0070025_5,ESWW0070025_5,C:\Users\datir\project1\data\processed\ts\ESWW0070025_5\overlay\20230530_123554_ESWW0070025_5.png
ESWW0070025,ESWW0070025_5,5,2023-05-31 09:55:38,20230531,095538,20230531_095538_ESWW0070025_5.txt,3164963,70,3164893,2.2117162191153576e-05,0.9999778828378089,0,0,0,0,2.2117162191153576e-05,0.0,0.0,3168.581297247802,1640.8350510424507,0.5178453374283511,,,,20230531_095538_ESWW0070025_5,ESWW0070025_5,C:\Users\datir\project1\data\processed\ts\ESWW0070025_5\overlay\20230531_095538_ESWW0070025_5.png
ESWW0070025,ESWW0070025_5,5,2023-05-31 16:56:39,20230531,165639,20230531_165639_ESWW0070025_5.txt,3163380,610,3162770,0.00019283171797254835,0.9998071682820274,57,1,0,0,0.00017481616641740346,3.1612326657758313e-07,0.0,3167.5925491661565,1640.6683703282276,0.5179543596161447,,,,20230531_165639_ESWW0070025_5,ESWW0070025_5,C:\Users\datir\project1\data\processed\ts\ESWW0070025_5\overlay\20230531_165639_ESWW0070025_5.png
ESWW0070025,ESWW0070025_5,5,2023-06-01 16:07:11,20230601,160711,20230601_160711_ESWW0070025_5.txt,3165603,1141,3164462,0.0003604368583173569,0.9996395631416827,0,0,0,1,0.0003604368583173569,0.0,0.0,1456.004392614288,820.1445217010587,0.5632843732212037,,,,20230601_160711_ESWW0070025_5,ESWW0070025_5,C:\Users\datir\project1\data\processed\ts\ESWW0070025_5\overlay\20230601_160711_ESWW0070025_5.png
ESWW0070025,ESWW0070025_5,5,2023-06-02 10:59:30,20230602,105930,20230602_105930_ESWW0070025_5.txt,3166275,1339,3164936,0.00042289441062447197,0.9995771055893755,0,0,2,1,0.00042226275355109714,0.0,6.316570733748648e-07,1453.925834846204,819.7470768670288,0.5638162946280829,,,,20230602_105930_ESWW0070025_5,ESWW0070025_5,C:\Users\datir\project1\data\processed\ts\ESWW0070025_5\overlay\20230602_105930_ESWW0070025_5.png
ESWW0070025,ESWW0070025_5,5,2023-06-03 11:01:14,20230603,110114,20230603_110114_ESWW0070025_5.txt,3166201,1244,3164957,0.0003928998822247861,0.9996071001177752,0,3,3,1,0.00039195237447022473,9.475077545613812e-07,9.475077545613812e-07,1456.3001406565127,819.6804455455372,0.5628513124883845,,,,20230603_110114_ESWW0070025_5,ESWW0070025_5,C:\Users\datir\project1\data\processed\ts\ESWW0070025_5\overlay\20230603_110114_ESWW0070025_5.png
ESWW0070025,ESWW0070025_5,5,2023-06-04 13:34:31,20230604,133431,20230604_133431_ESWW0070025_5.txt,3165970,1710,3164260,0.0005401188261417512,0.9994598811738582,498,1,4,1,0.00038161765449196833,3.159086543807685e-07,1.263634617523074e-06,1457.857349690884,820.024235025145,0.5624859216843257,,,,20230604_133431_ESWW0070025_5,ESWW0070025_5,C:\Users\datir\project1\data\processed\ts\ESWW0070025_5\overlay\20230604_133431_ESWW0070025_5.png
ESWW0070025,ESWW0070025_5,5,2023-06-06 10:13:31,20230606,101331,20230606_101331_ESWW0070025_5.txt,2928258,12140,2916118,0.004145809556398377,0.9958541904436016,7266,4,4,2,0.0016672418137399897,1.3693977936262749e-06,1.3693977936262749e-06,942.6404492037939,592.7548119503372,0.6288238664604416,2858.6672126988806,0.0,0.0,20230606_101331_ESWW0070025_5,ESWW0070025_5,C:\Users\datir\project1\data\processed\ts\ESWW0070025_5\overlay\20230606_101331_ESWW0070025_5.png
ESWW0070025,ESWW0070025_5,5,2023-06-06 12:09:32,20230606,120932,20230606_120932_ESWW0070025_5.txt,2929079,9359,2919720,0.003195202314447647,0.9968047976855523,6702,1,4,2,0.0009078226388997724,3.421871989821984e-07,1.3687487959287936e-06,945.6498076292639,594.8970810684642,0.6290881426390453,2855.233478530256,0.0,0.0,20230606_120932_ESWW0070025_5,ESWW0070025_5,C:\Users\datir\project1\data\processed\ts\ESWW0070025_5\overlay\20230606_120932_ESWW0070025_5.png
ESWW0070025,ESWW0070025_5,5,2023-06-07 16:15:04,20230607,161504,20230607_161504_ESWW0070025_5.txt,2928272,5205,2923067,0.001777498811585809,0.9982225011884142,3604,0,4,2,0.0005460448844108117,0.0,1.3676766046607684e-06,945.8721110719365,594.8269790320049,0.6288661776462574,2855.233478530256,0.0,0.0,20230607_161504_ESWW0070025_5,ESWW0070025_5,C:\Users\datir\project1\data\processed\ts\ESWW0070025_5\overlay\20230607_161504_ESWW0070025_5.png
ESWW0070025,ESWW0070025_5,5,2023-06-08 11:11:02,20230608,111102,20230608_111102_ESWW0070025_5.txt,2698730,165161,2533569,0.06119952718500925,0.9388004728149908,2209,7,4,20,0.06042897496440784,2.5959375061421735e-06,1.4833928606526706e-06,499.5314581907685,426.7443499711553,0.8542892403949139,296.47953189172694,605.7825736176989,2.0432525974134634,20230608_111102_ESWW0070025_5,ESWW0070025_5,C:\Users\datir\project1\data\processed\ts\ESWW0070025_5\overlay\20230608_111102_ESWW0070025_5.png
ESWW0070025,ESWW0070025_6,6,2023-05-26 13:03:54,20230526,130354,20230526_130354_ESWW0070025_6.txt,4092880,6411,4086469,0.0015663786868904048,0.9984336213131096,0,0,0,3,0.0015663786868904048,0.0,0.0,1373.857892647311,1076.3502724650984,0.7834509509502908,679.4963735275184,822.9863331413931,1.2111710455038414,20230526_130354_ESWW0070025_6,ESWW0070025_6,C:\Users\datir\project1\data\processed\ts\ESWW0070025_6\overlay\20230526_130354_ESWW0070025_6.png
ESWW0070025,ESWW0070025_6,6,2023-05-27 10:44:51,20230527,104451,20230527_104451_ESWW0070025_6.txt,4006938,206,4006732,5.141082791897454e-05,0.9999485891720811,0,0,1,3,5.116126079315427e-05,0.0,2.495671258202647e-07,1339.1421321730127,1045.655785491446,0.7808400321141945,679.4963735275184,822.9863331413931,1.2111710455038414,20230527_104451_ESWW0070025_6,ESWW0070025_6,C:\Users\datir\project1\data\processed\ts\ESWW0070025_6\overlay\20230527_104451_ESWW0070025_6.png
ESWW0070025,ESWW0070025_6,6,2023-05-27 17:06:11,20230527,170611,20230527_170611_ESWW0070025_6.txt,3781625,1242,3780383,0.00032843023832347207,0.9996715697616765,0,0,0,3,0.00032843023832347207,0.0,0.0,1388.6091366696385,1055.4258158030373,0.760059679813364,679.4963735275184,822.9863331413931,1.2111710455038414,20230527_170611_ESWW0070025_6,ESWW0070025_6,C:\Users\datir\project1\data\processed\ts\ESWW0070025_6\overlay\20230527_170611_ESWW0070025_6.png
ESWW0070025,ESWW0070025_6,6,2023-05-29 12:36:42,20230529,123642,20230529_123642_ESWW0070025_6.txt,4006951,6357,4000594,0.0015864930716647145,0.9984135069283353,0,2,1,3,0.0015862435053485805,4.991326322682758e-07,2.495663161341379e-07,1347.3578643841402,1051.3009749722755,0.7802685557877466,671.8501039861898,828.3930621848467,1.2330028041520922,20230529_123642_ESWW0070025_6,ESWW0070025_6,C:\Users\datir\project1\data\processed\ts\ESWW0070025_6\overlay\20230529_123642_ESWW0070025_6.png
ESWW0070025,ESWW0070025_6,6,2023-05-30 12:36:21,20230530,123621,20230530_123621_ESWW0070025_6.txt,4006887,3145,4003742,0.0007848986008340141,0.999215101399166,0,4,1,4,0.0007846490305316821,9.982812093278398e-07,2.4957030233195996e-07,1212.9329546952783,981.099176794462,0.8088651338861023,566.0917961780256,740.4260652612991,1.30796112973248,20230530_123621_ESWW0070025_6,ESWW0070025_6,C:\Users\datir\project1\data\processed\ts\ESWW0070025_6\overlay\20230530_123621_ESWW0070025_6.png
ESWW0070025,ESWW0070025_6,6,2023-05-31 09:56:35,20230531,095635,20230531_095635_ESWW0070025_6.txt,3649840,6840,3643000,0.0018740547530850667,0.9981259452469149,0,14,0,5,0.0018740547530850667,3.835784582337856e-06,0.0,998.4816163352131,812.0695480593048,0.8133044562601887,341.28887463429203,251.30543517085292,0.736342300756622,20230531_095635_ESWW0070025_6,ESWW0070025_6,C:\Users\datir\project1\data\processed\ts\ESWW0070025_6\overlay\20230531_095635_ESWW0070025_6.png
ESWW0070025,ESWW0070025_6,6,2023-05-31 16:57:14,20230531,165714,20230531_165714_ESWW0070025_6.txt,4006915,14785,3992130,0.0036898711352748937,0.9963101288647251,0,5,1,5,0.003689621566716539,1.2478427917737212e-06,2.495685583547442e-07,1146.3159867669308,962.4974714158582,0.8396441142991347,358.096949938116,253.75541821638555,0.7086221154920139,20230531_165714_ESWW0070025_6,ESWW0070025_6,C:\Users\datir\project1\data\processed\ts\ESWW0070025_6\overlay\20230531_165714_ESWW0070025_6.png
ESWW0070025,ESWW0070025_6,6,2023-06-02 11:00:09,20230602,110009,20230602_110009_ESWW0070025_6.txt,4007035,11714,3995321,0.0029233585431622136,0.9970766414568378,0,21,3,5,0.002922609859908885,5.240782773297463e-06,7.48683253328209e-07,1142.9957417702412,961.2019923193953,0.8409497578973578,356.78821976593173,255.94097664702625,0.7173470492241432,20230602_110009_ESWW0070025_6,ESWW0070025_6,C:\Users\datir\project1\data\processed\ts\ESWW0070025_6\overlay\20230602_110009_ESWW0070025_6.png
ESWW0070025,ESWW0070025_6,6,2023-06-03 11:01:30,20230603,110130,20230603_110130_ESWW0070025_6.txt,4006869,16689,3990180,0.00416509748634158,0.9958349025136585,0,10,7,6,0.004163350486377269,2.495714234730409e-06,1.7469999643112863e-06,606.7431340954957,382.886497089679,0.6310520475200239,801.1421452402307,1027.0679083539187,1.2820045911402425,20230603_110130_ESWW0070025_6,ESWW0070025_6,C:\Users\datir\project1\data\processed\ts\ESWW0070025_6\overlay\20230603_110130_ESWW0070025_6.png
ESWW0070025,ESWW0070025_6,6,2023-06-04 13:34:53,20230604,133453,20230604_133453_ESWW0070025_6.txt,4006985,17099,3989886,0.004267298230465051,0.995732701769535,0,5,5,9,0.004266050409472459,1.2478209925916867e-06,1.2478209925916867e-06,569.1447516554166,385.2138852042496,0.6768293726399391,284.45608137565637,205.12502990344885,0.7211131817307084,20230604_133453_ESWW0070025_6,ESWW0070025_6,C:\Users\datir\project1\data\processed\ts\ESWW0070025_6\overlay\20230604_133453_ESWW0070025_6.png
ESWW0070025,ESWW0070025_6,6,2023-06-06 10:14:57,20230606,101457,20230606_101457_ESWW0070025_6.txt,4007101,39759,3967342,0.009922135728547896,0.9900778642714521,0,44,10,11,0.009919640158808076,1.0980506855205296e-05,2.4955697398193857e-06,499.5763666727009,338.61770032415006,0.6778096861935756,281.78359109163864,191.74740599173907,0.6804775439510281,20230606_101457_ESWW0070025_6,ESWW0070025_6,C:\Users\datir\project1\data\processed\ts\ESWW0070025_6\overlay\20230606_101457_ESWW0070025_6.png
ESWW0070025,ESWW0070025_6,6,2023-06-06 12:12:31,20230606,121231,20230606_121231_ESWW0070025_6.txt,4007096,25045,3982051,0.006250162212235494,0.9937498377877645,0,10,5,11,0.006248914425808615,2.495572853757434e-06,1.247786426878717e-06,501.7851721317048,337.87817698861875,0.6733522546177092,285.73808541355453,186.01586480957513,0.6510012991105144,20230606_121231_ESWW0070025_6,ESWW0070025_6,C:\Users\datir\project1\data\processed\ts\ESWW0070025_6\overlay\20230606_121231_ESWW0070025_6.png
ESWW0070025,ESWW0070025_6,6,2023-06-07 16:15:48,20230607,161548,20230607_161548_ESWW0070025_6.txt,4007096,17349,3989747,0.004329569343983773,0.9956704306560162,0,7,5,11,0.004328321557556894,1.746900997630204e-06,1.247786426878717e-06,505.04787801784215,339.53263682520844,0.6722781177851291,284.5514252428494,189.35984170684264,0.6654679081126871,20230607_161548_ESWW0070025_6,ESWW0070025_6,C:\Users\datir\project1\data\processed\ts\ESWW0070025_6\overlay\20230607_161548_ESWW0070025_6.png
ESWW0070025,ESWW0070025_6,6,2023-06-08 11:11:28,20230608,111128,20230608_111128_ESWW0070025_6.txt,4007097,17517,3989580,0.004371493876988753,0.9956285061230112,0,10,6,11,0.004369996533650171,2.4955722309692028e-06,1.4973433385815217e-06,508.9502811208841,340.2659944299001,0.6685643117840843,281.95046586447165,192.5705225961394,0.6829941635517796,20230608_111128_ESWW0070025_6,ESWW0070025_6,C:\Users\datir\project1\data\processed\ts\ESWW0070025_6\overlay\20230608_111128_ESWW0070025_6.png
ESWW0070025,ESWW0070025_7,7,2023-05-25 17:52:12,20230525,175212,20230525_175212_ESWW0070025_7.txt,3409128,0,3409128,0.0,1.0,0,0,0,0,0.0,0.0,0.0,3161.0514339768724,1654.155836913875,0.523292920556122,,,,20230525_175212_ESWW0070025_7,ESWW0070025_7,C:\Users\datir\project1\data\processed\ts\ESWW0070025_7\overlay\20230525_175212_ESWW0070025_7.png
ESWW0070025,ESWW0070025_7,7,2023-05-26 13:04:41,20230526,130441,20230526_130441_ESWW0070025_7.txt,2978390,0,2978390,0.0,1.0,0,0,0,0,0.0,0.0,0.0,3190.778133669909,1523.7953251227825,0.4775622939881979,,,,20230526_130441_ESWW0070025_7,ESWW0070025_7,C:\Users\datir\project1\data\processed\ts\ESWW0070025_7\overlay\20230526_130441_ESWW0070025_7.png
ESWW0070025,ESWW0070025_7,7,2023-05-27 10:45:28,20230527,104528,20230527_104528_ESWW0070025_7.txt,2975554,21,2975533,7.057509290706874e-06,0.9999929424907092,0,0,0,0,7.057509290706874e-06,0.0,0.0,3189.7712743331804,1523.97061258924,0.47776799071833925,,,,20230527_104528_ESWW0070025_7,ESWW0070025_7,C:\Users\datir\project1\data\processed\ts\ESWW0070025_7\overlay\20230527_104528_ESWW0070025_7.png
ESWW0070025,ESWW0070025_7,7,2023-05-27 17:07:00,20230527,170700,20230527_170700_ESWW0070025_7.txt,2975570,419,2975151,0.00014081335676861912,0.9998591866432314,0,0,0,0,0.00014081335676861912,0.0,0.0,3189.77739753189,1523.9733649413101,0.47776793644612753,,,,20230527_170700_ESWW0070025_7,ESWW0070025_7,C:\Users\datir\project1\data\processed\ts\ESWW0070025_7\overlay\20230527_170700_ESWW0070025_7.png
ESWW0070025,ESWW0070025_7,7,2023-05-29 12:37:20,20230529,123720,20230529_123720_ESWW0070025_7.txt,2976524,207,2976317,6.95442065980318e-05,0.999930455793402,0,0,0,0,6.95442065980318e-05,0.0,0.0,3189.6982770071468,1523.6976561029649,0.4776933502101117,,,,20230529_123720_ESWW0070025_7,ESWW0070025_7,C:\Users\datir\project1\data\processed\ts\ESWW0070025_7\overlay\20230529_123720_ESWW0070025_7.png
ESWW0070025,ESWW0070025_7,7,2023-05-30 12:36:44,20230530,123644,20230530_123644_ESWW0070025_7.txt,2969926,757,2969169,0.00025488850563953446,0.9997451114943605,0,0,2,0,0.00025421508818738244,0.0,6.734174521520065e-07,3187.3792090817888,1524.3151460400281,0.4782346391972446,,,,20230530_123644_ESWW0070025_7,ESWW0070025_7,C:\Users\datir\project1\data\processed\ts\ESWW0070025_7\overlay\20230530_123644_ESWW0070025_7.png
ESWW0070025,ESWW0070025_7,7,2023-05-31 09:57:05,20230531,095705,20230531_095705_ESWW0070025_7.txt,2978697,234,2978463,7.855783921627476e-05,0.9999214421607837,178,0,0,0,1.8801290171390546e-05,0.0,0.0,3190.834798649191,1523.8005870777858,0.47755546220157563,,,,20230531_095705_ESWW0070025_7,ESWW0070025_7,C:\Users\datir\project1\data\processed\ts\ESWW0070025_7\overlay\20230531_095705_ESWW0070025_7.png
ESWW0070025,ESWW0070025_7,7,2023-05-31 16:57:43,20230531,165743,20230531_165743_ESWW0070025_7.txt,2978552,55,2978497,1.8465348263182917e-05,0.9999815346517368,10,0,0,0,1.5108062938175793e-05,0.0,0.0,3190.8162910224178,1523.8029387650017,0.47755896917422874,,,,20230531_165743_ESWW0070025_7,ESWW0070025_7,C:\Users\datir\project1\data\processed\ts\ESWW0070025_7\overlay\20230531_165743_ESWW0070025_7.png
ESWW0070025,ESWW0070025_7,7,2023-06-01 16:08:15,20230601,160815,20230601_160815_ESWW0070025_7.txt,2978673,2139,2976534,0.0007181050085054653,0.9992818949914946,0,0,2,1,0.0007174335685723139,0.0,6.714399331514402e-07,1854.0209492224355,1287.0938506001535,0.6942175335936481,,,,20230601_160815_ESWW0070025_7,ESWW0070025_7,C:\Users\datir\project1\data\processed\ts\ESWW0070025_7\overlay\20230601_160815_ESWW0070025_7.png
ESWW0070025,ESWW0070025_7,7,2023-06-02 11:00:32,20230602,110032,20230602_110032_ESWW0070025_7.txt,2975450,2333,2973117,0.0007840830798702717,0.9992159169201297,495,0,0,1,0.0006178244712945238,0.0,0.0,1857.682975105986,1289.6773034037674,0.6942397172640222,,,,20230602_110032_ESWW0070025_7,ESWW0070025_7,C:\Users\datir\project1\data\processed\ts\ESWW0070025_7\overlay\20230602_110032_ESWW0070025_7.png
ESWW0070025,ESWW0070025_7,7,2023-06-03 11:01:47,20230603,110147,20230603_110147_ESWW0070025_7.txt,2970672,3944,2966728,0.0013276457313362094,0.9986723542686637,72,0,1,2,0.001303103750084158,0.0,3.366323301689894e-07,1096.5843406235483,910.3237255480223,0.8301447429300212,1247.7232427134047,0.0,0.0,20230603_110147_ESWW0070025_7,ESWW0070025_7,C:\Users\datir\project1\data\processed\ts\ESWW0070025_7\overlay\20230603_110147_ESWW0070025_7.png
ESWW0070025,ESWW0070025_7,7,2023-06-04 13:35:17,20230604,133517,20230604_133517_ESWW0070025_7.txt,2978708,5349,2973359,0.0017957450008527188,0.9982042549991473,27,0,0,2,0.0017866968634774921,0.0,0.0,1085.3987184810476,903.732493014439,0.8326271973852707,1248.9395364066436,0.0,0.0,20230604_133517_ESWW0070025_7,ESWW0070025_7,C:\Users\datir\project1\data\processed\ts\ESWW0070025_7\overlay\20230604_133517_ESWW0070025_7.png
ESWW0070025,ESWW0070025_7,7,2023-06-06 10:15:54,20230606,101554,20230606_101554_ESWW0070025_7.txt,2968939,13606,2955333,0.00458278192984093,0.995417218070159,1021,19,5,2,0.00423866158027277,6.401794119648858e-06,1.684682663065489e-06,1059.028567462351,897.0039183767217,0.8470063470772337,1251.406707023518,0.0,0.0,20230606_101554_ESWW0070025_7,ESWW0070025_7,C:\Users\datir\project1\data\processed\ts\ESWW0070025_7\overlay\20230606_101554_ESWW0070025_7.png
ESWW0070025,ESWW0070025_7,7,2023-06-06 12:13:47,20230606,121347,20230606_121347_ESWW0070025_7.txt,2978461,9256,2969205,0.0031076451899151943,0.9968923548100848,129,3,2,2,0.0030637954398636553,1.0072752131058593e-06,6.715168087372395e-07,1059.108241294767,893.8527643665896,0.8439673392342303,1258.387582395926,0.0,0.0,20230606_121347_ESWW0070025_7,ESWW0070025_7,C:\Users\datir\project1\data\processed\ts\ESWW0070025_7\overlay\20230606_121347_ESWW0070025_7.png
ESWW0070025,ESWW0070025_7,7,2023-06-07 16:16:29,20230607,161629,20230607_161629_ESWW0070025_7.txt,2978708,9536,2969172,0.003201387984320719,0.9967986120156793,732,6,2,2,0.0029556987699027796,2.014791254194124e-06,6.715970847313746e-07,1062.3591858728312,894.6226876637188,0.8421094292404498,1255.1174737936462,0.0,0.0,20230607_161629_ESWW0070025_7,ESWW0070025_7,C:\Users\datir\project1\data\processed\ts\ESWW0070025_7\overlay\20230607_161629_ESWW0070025_7.png
ESWW0070025,ESWW0070025_7,7,2023-06-08 11:11:59,20230608,111159,20230608_111159_ESWW0070025_7.txt,2978560,13754,2964806,0.004617667597765363,0.9953823324022346,799,14,2,2,0.004349912568537233,4.701519027215414e-06,6.716455753164878e-07,962.7725070726431,828.1601249603309,0.8601825653272883,1339.499158701009,0.0,0.0,20230608_111159_ESWW0070025_7,ESWW0070025_7,C:\Users\datir\project1\data\processed\ts\ESWW0070025_7\overlay\20230608_111159_ESWW0070025_7.png
ESWW0070025,ESWW0070025_8,8,2023-05-25 17:52:47,20230525,175247,20230525_175247_ESWW0070025_8.txt,3356903,0,3356903,0.0,1.0,0,0,0,0,0.0,0.0,0.0,2991.168773020297,1605.9803054245683,0.5369072851756702,,,,20230525_175247_ESWW0070025_8,ESWW0070025_8,C:\Users\datir\project1\data\processed\ts\ESWW0070025_8\overlay\20230525_175247_ESWW0070025_8.png
ESWW0070025,ESWW0070025_8,8,2023-05-26 13:05:21,20230526,130521,20230526_130521_ESWW0070025_8.txt,3110216,0,3110216,0.0,1.0,0,0,0,0,0.0,0.0,0.0,3046.2976105225534,1554.6987022119567,0.5103568006099273,,,,20230526_130521_ESWW0070025_8,ESWW0070025_8,C:\Users\datir\project1\data\processed\ts\ESWW0070025_8\overlay\20230526_130521_ESWW0070025_8.png
ESWW0070025,ESWW0070025_8,8,2023-05-27 10:46:00,20230527,104600,20230527_104600_ESWW0070025_8.txt,3110478,0,3110478,0.0,1.0,0,0,0,0,0.0,0.0,0.0,3046.2052931998624,1554.5909557662649,0.5103368966092423,,,,20230527_104600_ESWW0070025_8,ESWW0070025_8,C:\Users\datir\project1\data\processed\ts\ESWW0070025_8\overlay\20230527_104600_ESWW0070025_8.png
ESWW0070025,ESWW0070025_8,8,2023-05-27 17:07:33,20230527,170733,20230527_170733_ESWW0070025_8.txt,3110412,0,3110412,0.0,1.0,0,0,0,0,0.0,0.0,0.0,3046.2519306459135,1554.627134251147,0.5103409598566954,,,,20230527_170733_ESWW0070025_8,ESWW0070025_8,C:\Users\datir\project1\data\processed\ts\ESWW0070025_8\overlay\20230527_170733_ESWW0070025_8.png
ESWW0070025,ESWW0070025_8,8,2023-05-29 12:37:49,20230529,123749,20230529_123749_ESWW0070025_8.txt,3110472,0,3110472,0.0,1.0,0,0,0,0,0.0,0.0,0.0,3046.216662521985,1554.6133533416682,0.5103423444787386,,,,20230529_123749_ESWW0070025_8,ESWW0070025_8,C:\Users\datir\project1\data\processed\ts\ESWW0070025_8\overlay\20230529_123749_ESWW0070025_8.png
ESWW0070025,ESWW0070025_8,8,2023-05-30 12:37:11,20230530,123711,20230530_123711_ESWW0070025_8.txt,3110386,0,3110386,0.0,1.0,0,0,0,0,0.0,0.0,0.0,3046.2166476010684,1554.6561080422505,0.5103563823231551,,,,20230530_123711_ESWW0070025_8,ESWW0070025_8,C:\Users\datir\project1\data\processed\ts\ESWW0070025_8\overlay\20230530_123711_ESWW0070025_8.png
ESWW0070025,ESWW0070025_8,8,2023-05-31 09:57:37,20230531,095737,20230531_095737_ESWW0070025_8.txt,3108787,2,3108785,6.433377391246168e-07,0.9999993566622609,0,0,2,0,0.0,0.0,6.433377391246168e-07,3046.40330811807,1554.8775540088277,0.5103978025054603,,,,20230531_095737_ESWW0070025_8,ESWW0070025_8,C:\Users\datir\project1\data\processed\ts\ESWW0070025_8\overlay\20230531_095737_ESWW0070025_8.png
ESWW0070025,ESWW0070025_8,8,2023-05-31 16:58:16,20230531,165816,20230531_165816_ESWW0070025_8.txt,3098924,3743,3095181,0.0012078385917176414,0.9987921614082823,0,0,1,2,0.001207515899066902,0.0,3.2269265073941796e-07,1106.2908783667108,704.6474261907928,0.636945888255998,4843.615148845906,0.0,0.0,20230531_165816_ESWW0070025_8,ESWW0070025_8,C:\Users\datir\project1\data\processed\ts\ESWW0070025_8\overlay\20230531_165816_ESWW0070025_8.png
ESWW0070025,ESWW0070025_8,8,2023-06-01 16:08:43,20230601,160843,20230601_160843_ESWW0070025_8.txt,3110542,2004,3108538,0.0006442607108343176,0.9993557392891657,603,0,3,2,0.00044952650196675885,0.0,9.646491458514137e-07,1102.8281492830413,705.7388563130775,0.6399354756875627,4843.615148845906,0.0,0.0,20230601_160843_ESWW0070025_8,ESWW0070025_8,C:\Users\datir\project1\data\processed\ts\ESWW0070025_8\overlay\20230601_160843_ESWW0070025_8.png
ESWW0070025,ESWW0070025_8,8,2023-06-02 11:01:02,20230602,110102,20230602_110102_ESWW0070025_8.txt,3110527,2542,3107985,0.0008172248625393703,0.9991827751374607,1660,0,5,2,0.0002820963392772994,0.0,1.6083029605319236e-06,1102.8312707680973,705.7391331113855,0.639933915384766,4843.615148845906,0.0,0.0,20230602_110102_ESWW0070025_8,ESWW0070025_8,C:\Users\datir\project1\data\processed\ts\ESWW0070025_8\overlay\20230602_110102_ESWW0070025_8.png
ESWW0070025,ESWW0070025_8,8,2023-06-03 11:02:08,20230603,110208,20230603_110208_ESWW0070025_8.txt,3110517,3801,3106716,0.0012219833551785765,0.9987780166448215,2595,0,7,2,0.0003857883177248335,0.0,2.252308777376009e-06,1102.833474323209,705.7391994289186,0.6399326968761256,4843.615148845906,0.0,0.0,20230603_110208_ESWW0070025_8,ESWW0070025_8,C:\Users\datir\project1\data\processed\ts\ESWW0070025_8\overlay\20230603_110208_ESWW0070025_8.png
ESWW0070025,ESWW0070025_8,8,2023-06-04 13:35:34,20230604,133534,20230604_133534_ESWW0070025_8.txt,2883550,5291,2878259,0.001834891019749961,0.99816510898025,4466,0,10,2,0.00028307614505169006,0.0,3.4733269331495712e-06,1174.9061666877171,681.7708448647737,0.580276846096412,4843.615148845906,0.0,0.0,20230604_133534_ESWW0070025_8,ESWW0070025_8,C:\Users\datir\project1\data\processed\ts\ESWW0070025_8\overlay\20230604_133534_ESWW0070025_8.png
ESWW0070025,ESWW0070025_8,8,2023-06-06 10:17:24,20230606,101724,20230606_101724_ESWW0070025_8.txt,3110356,12398,3097958,0.003986038897155181,0.9960139611028448,8573,0,16,3,0.0012280033774122818,0.0,5.1583234546065925e-06,1100.8117566768526,708.826066005612,0.6439121509252653,1869.9691916074892,2102.685221211247,1.124449124963234,20230606_101724_ESWW0070025_8,ESWW0070025_8,C:\Users\datir\project1\data\processed\ts\ESWW0070025_8\overlay\20230606_101724_ESWW0070025_8.png
ESWW0070025,ESWW0070025_8,8,2023-06-06 12:16:39,20230606,121639,20230606_121639_ESWW0070025_8.txt,3110485,6675,3103810,0.002145967590263255,0.9978540324097367,4662,0,16,3,0.0006429857722091697,0.0,5.151613598070463e-06,1100.8266644293026,708.8014550116545,0.6438810740282311,1869.9691916074892,2102.685221211247,1.124449124963234,20230606_121639_ESWW0070025_8,ESWW0070025_8,C:\Users\datir\project1\data\processed\ts\ESWW0070025_8\overlay\20230606_121639_ESWW0070025_8.png
ESWW0070025,ESWW0070025_8,8,2023-06-07 16:17:02,20230607,161702,20230607_161702_ESWW0070025_8.txt,3107932,6358,3101574,0.00204573330433227,0.9979542666956678,3584,0,19,3,0.0008874649362764741,0.0,6.120447836389477e-06,1100.4655622941063,709.2644069154572,0.6445130417683183,1865.7571448325168,2105.663588048505,1.1285839606084016,20230607_161702_ESWW0070025_8,ESWW0070025_8,C:\Users\datir\project1\data\processed\ts\ESWW0070025_8\overlay\20230607_161702_ESWW0070025_8.png
ESWW0070025,ESWW0070025_8,8,2023-06-08 11:12:26,20230608,111226,20230608_111226_ESWW0070025_8.txt,3109892,7907,3101985,0.002542532023620113,0.9974574679763799,4595,1,19,3,0.0010604460700538467,3.220303887196619e-07,6.1185773856735765e-06,1101.0797261329524,709.0135397797551,0.6439257057886684,1863.3877906560285,2107.3389744537326,1.1309180971459614,20230608_111226_ESWW0070025_8,ESWW0070025_8,C:\Users\datir\project1\data\processed\ts\ESWW0070025_8\overlay\20230608_111226_ESWW0070025_8.png
ESWW0070025,ESWW0070025_9,9,2023-05-25 17:53:22,20230525,175322,20230525_175322_ESWW0070025_9.txt,4479524,0,4479524,0.0,1.0,0,0,0,0,0.0,0.0,0.0,3220.6692653966666,1709.869986793935,0.5309051771211107,,,,20230525_175322_ESWW0070025_9,ESWW0070025_9,C:\Users\datir\project1\data\processed\ts\ESWW0070025_9\overlay\20230525_175322_ESWW0070025_9.png
ESWW0070025,ESWW0070025_9,9,2023-05-26 13:06:00,20230526,130600,20230526_130600_ESWW0070025_9.txt,4072678,488,4072190,0.00011982287821428553,0.9998801771217857,302,0,2,0,4.518246841647235e-05,0.0,4.91113787135569e-07,3262.481811121161,1663.9004893651656,0.5100106562106353,,,,20230526_130600_ESWW0070025_9,ESWW0070025_9,C:\Users\datir\project1\data\processed\ts\ESWW0070025_9\overlay\20230526_130600_ESWW0070025_9.png
ESWW0070025,ESWW0070025_9,9,2023-05-27 10:47:01,20230527,104701,20230527_104701_ESWW0070025_9.txt,4074992,509,4074483,0.00012490822067871544,0.9998750917793213,378,0,1,0,3.190486264465787e-05,0.0,2.454220203435221e-07,3262.9646288789563,1663.5450113660834,0.5098262471627285,,,,20230527_104701_ESWW0070025_9,ESWW0070025_9,C:\Users\datir\project1\data\processed\ts\ESWW0070025_9\overlay\20230527_104701_ESWW0070025_9.png
ESWW0070025,ESWW0070025_9,9,2023-05-27 17:08:00,20230527,170800,20230527_170800_ESWW0070025_9.txt,4074991,657,4074334,0.00016122734994997536,0.9998387726500501,514,0,1,0,3.4851098680885914e-05,0.0,2.4543027240060506e-07,3263.005183289722,1663.5223781374934,0.50981297444963,,,,20230527_170800_ESWW0070025_9,ESWW0070025_9,C:\Users\datir\project1\data\processed\ts\ESWW0070025_9\overlay\20230527_170800_ESWW0070025_9.png
ESWW0070025,ESWW0070025_9,9,2023-05-29 12:38:16,20230529,123816,20230529_123816_ESWW0070025_9.txt,4075103,2740,4072363,0.0006723756430205567,0.9993276243569794,1867,0,1,0,0.0002140804019212243,0.0,2.4550504807479853e-07,3262.9613781265966,1663.5204990424584,0.509819242787837,,,,20230529_123816_ESWW0070025_9,ESWW0070025_9,C:\Users\datir\project1\data\processed\ts\ESWW0070025_9\overlay\20230529_123816_ESWW0070025_9.png
ESWW0070025,ESWW0070025_9,9,2023-05-30 12:37:30,20230530,123730,20230530_123730_ESWW0070025_9.txt,4067006,3754,4063252,0.0009230377334088025,0.9990769622665912,2969,0,1,0,0.00019291162949549917,0.0,2.460607519075245e-07,3260.9145867406787,1664.3717312669912,0.5104002840290734,,,,20230530_123730_ESWW0070025_9,ESWW0070025_9,C:\Users\datir\project1\data\processed\ts\ESWW0070025_9\overlay\20230530_123730_ESWW0070025_9.png
ESWW0070025,ESWW0070025_9,9,2023-05-31 09:58:04,20230531,095804,20230531_095804_ESWW0070025_9.txt,4073719,2422,4071297,0.0005945427261919636,0.999405457273808,1358,0,1,0,0.0002610279393207036,0.0,2.455577980439357e-07,3262.5193731725844,1663.6272166012131,0.5099210230845145,,,,20230531_095804_ESWW0070025_9,ESWW0070025_9,C:\Users\datir\project1\data\processed\ts\ESWW0070025_9\overlay\20230531_095804_ESWW0070025_9.png
ESWW0070025,ESWW0070025_9,9,2023-05-31 16:58:40,20230531,165840,20230531_165840_ESWW0070025_9.txt,4074862,3053,4071809,0.0007492278266110607,0.999250772173389,1864,0,2,0,0.0002914315204672332,0.0,4.910387876448749e-07,3262.8882571736717,1663.548857389404,0.5098393589581206,,,,20230531_165840_ESWW0070025_9,ESWW0070025_9,C:\Users\datir\project1\data\processed\ts\ESWW0070025_9\overlay\20230531_165840_ESWW0070025_9.png
ESWW0070025,ESWW0070025_9,9,2023-06-01 16:09:03,20230601,160903,20230601_160903_ESWW0070025_9.txt,4074744,5912,4068832,0.0014508886938664122,0.9985491113061336,1434,6,4,1,0.0010983696305952653,1.4730035278434493e-06,9.820023518956328e-07,1623.4751515936148,1120.9508267325934,0.6904638026841742,,,,20230601_160903_ESWW0070025_9,ESWW0070025_9,C:\Users\datir\project1\data\processed\ts\ESWW0070025_9\overlay\20230601_160903_ESWW0070025_9.png
ESWW0070025,ESWW0070025_9,9,2023-06-02 11:01:19,20230602,110119,20230602_110119_ESWW0070025_9.txt,4074502,6478,4068024,0.0015898875494477606,0.9984101124505522,612,16,5,2,0.0014386740928203755,3.927450176612525e-06,1.227328180191414e-06,1452.4133121038228,1222.460463310661,0.8416753365747697,1533.295596221566,0.0,0.0,20230602_110119_ESWW0070025_9,ESWW0070025_9,C:\Users\datir\project1\data\processed\ts\ESWW0070025_9\overlay\20230602_110119_ESWW0070025_9.png
ESWW0070025,ESWW0070025_9,9,2023-06-03 11:02:25,20230603,110225,20230603_110225_ESWW0070025_9.txt,4073761,17339,4056422,0.0042562634381349326,0.9957437365618651,1978,8,5,3,0.00377132081940516,1.9647412448060223e-06,1.227963278003764e-06,1114.5915162776134,1007.4709342719243,0.9038925198682309,1034.6654678154302,429.82153902145683,0.41542078323051845,20230603_110225_ESWW0070025_9,ESWW0070025_9,C:\Users\datir\project1\data\processed\ts\ESWW0070025_9\overlay\20230603_110225_ESWW0070025_9.png
ESWW0070025,ESWW0070025_9,9,2023-06-04 13:35:51,20230604,133551,20230604_133551_ESWW0070025_9.txt,4074738,13324,4061414,0.0032699034882733564,0.9967300965117266,1346,8,7,4,0.0029388283769399065,1.963965167113796e-06,1.7184695212245715e-06,1111.4568583392168,1009.3939041259009,0.9081719155831002,467.795903200397,260.7622478507212,0.5574273867443735,20230604_133551_ESWW0070025_9,ESWW0070025_9,C:\Users\datir\project1\data\processed\ts\ESWW0070025_9\overlay\20230604_133551_ESWW0070025_9.png
ESWW0070025,ESWW0070025_9,9,2023-06-06 10:18:36,20230606,101836,20230606_101836_ESWW0070025_9.txt,4074446,22840,4051606,0.00560567007146493,0.994394329928535,1411,10,10,6,0.0052587321248160155,2.4551716349110674e-06,2.4551716349110674e-06,558.1031599847392,506.7409306582297,0.907970008039528,677.5770958849756,437.07822110813765,0.6450605012515584,20230606_101836_ESWW0070025_9,ESWW0070025_9,C:\Users\datir\project1\data\processed\ts\ESWW0070025_9\overlay\20230606_101836_ESWW0070025_9.png
ESWW0070025,ESWW0070025_9,9,2023-06-06 12:17:41,20230606,121741,20230606_121741_ESWW0070025_9.txt,4075031,8108,4066923,0.0019896781153321288,0.9980103218846679,2139,9,9,6,0.0014633336705220763,2.209732052801793e-06,2.209732052801793e-06,560.5709634490025,508.24450810363777,0.906655073563893,676.6231446058534,437.4176717865474,0.646471636794736,20230606_121741_ESWW0070025_9,ESWW0070025_9,C:\Users\datir\project1\data\processed\ts\ESWW0070025_9\overlay\20230606_121741_ESWW0070025_9.png
ESWW0070025,ESWW0070025_9,9,2023-06-07 16:17:29,20230607,161729,20230607_161729_ESWW0070025_9.txt,4074464,9629,4064835,0.0023632556331335854,0.9976367443668664,1215,5,10,6,0.0020632178391254744,1.2275213226591352e-06,2.4550426453182703e-06,559.2582437356905,508.63508111388006,0.9094815978327621,698.528877767934,401.37576937592337,0.5746015406814274,20230607_161729_ESWW0070025_9,ESWW0070025_9,C:\Users\datir\project1\data\processed\ts\ESWW0070025_9\overlay\20230607_161729_ESWW0070025_9.png
ESWW0070025,ESWW0070025_9,9,2023-06-08 11:13:01,20230608,111301,20230608_111301_ESWW0070025_9.txt,4074688,8797,4065891,0.0021589383039879373,0.997841061696012,1714,0,10,6,0.0017365689051783782,0.0,2.4552084054550804e-06,556.2994395966283,508.1997400714142,0.9135363149743759,698.403527112581,396.27843963963073,0.567406125908284,20230608_111301_ESWW0070025_9,ESWW0070025_9,C:\Users\datir\project1\data\processed\ts\ESWW0070025_9\overlay\20230608_111301_ESWW0070025_9.png
ESWW0070040,ESWW0070040_1,1,2023-06-08 17:25:14,20230608,172514,20230608_172514_ESWW0070040_1.txt,4293777,13426,4280351,0.003126850788944093,0.9968731492110559,176,0,0,3,0.00308598772918117,0.0,0.0,643.5989753672417,401.3307481987468,0.6235726959784933,2258.677480421325,673.0647074079849,0.2979906220530582,20230608_172514_ESWW0070040_1,ESWW0070040_1,C:\Users\datir\project1\data\processed\ts\ESWW0070040_1\overlay\20230608_172514_ESWW0070040_1.png
ESWW0070040,ESWW0070040_1,1,2023-06-09 09:41:07,20230609,094107,20230609_094107_ESWW0070040_1.txt,3938288,36575,3901713,0.009287030303522749,0.9907129696964773,3886,105,5,7,0.008307234492052413,2.6687664351532964e-05,1.2708411595968079e-06,378.1065498222329,211.15131732704808,0.5584439556160057,605.4519019823048,688.3263512489909,1.136880318643558,20230609_094107_ESWW0070040_1,ESWW0070040_1,C:\Users\datir\project1\data\processed\ts\ESWW0070040_1\overlay\20230609_094107_ESWW0070040_1.png
ESWW0070040,ESWW0070040_1,1,2023-06-10 08:26:38,20230610,082638,20230610_082638_ESWW0070040_1.txt,3938958,20647,3918311,0.0052417415976509524,0.994758258402349,427,64,4,7,0.005132878222870405,1.624971340837485e-05,1.015607088023428e-06,379.07574790716694,211.663205928614,0.5583665193491852,606.356304155052,692.5447636132096,1.1421416069521366,20230610_082638_ESWW0070040_1,ESWW0070040_1,C:\Users\datir\project1\data\processed\ts\ESWW0070040_1\overlay\20230610_082638_ESWW0070040_1.png
ESWW0070040,ESWW0070040_1,1,2023-06-12 08:49:07,20230612,084907,20230612_084907_ESWW0070040_1.txt,3938945,103610,3835335,0.026303997644039203,0.9736960023559608,5333,221,5,18,0.02498263682335726,5.618246029349107e-05,1.2710963867305672e-06,229.19416048876346,157.12334759400582,0.685546905989819,209.50668167793228,104.96879603616699,0.5010283929632949,20230612_084907_ESWW0070040_1,ESWW0070040_1,C:\Users\datir\project1\data\processed\ts\ESWW0070040_1\overlay\20230612_084907_ESWW0070040_1.png
ESWW0070040,ESWW0070040_1,1,2023-06-13 08:47:46,20230613,084746,20230613_084746_ESWW0070040_1.txt,3938972,75184,3863788,0.019087213618172456,0.9809127863818276,3694,220,8,18,0.01816440922343987,5.590456379447653e-05,2.0328932288900555e-06,238.51290723604413,159.87795807236887,0.6703115564062357,207.8371830240409,109.87431571313691,0.5286557203790986,20230613_084746_ESWW0070040_1,ESWW0070040_1,C:\Users\datir\project1\data\processed\ts\ESWW0070040_1\overlay\20230613_084746_ESWW0070040_1.png
ESWW0070040,ESWW0070040_1,1,2023-06-14 08:01:10,20230614,080110,20230614_080110_ESWW0070040_1.txt,3938972,116807,3822165,0.029654183883510724,0.9703458161164893,277,225,10,18,0.029583402624473336,5.712552000091401e-05,2.5389120000406227e-06,226.72626939282108,157.58973967916498,0.6950660816728227,215.05308020379414,101.21179190831788,0.4706363276099322,20230614_080110_ESWW0070040_1,ESWW0070040_1,C:\Users\datir\project1\data\processed\ts\ESWW0070040_1\overlay\20230614_080110_ESWW0070040_1.png
ESWW0070040,ESWW0070040_1,1,2023-06-15 07:16:20,20230615,071620,20230615_071620_ESWW0070040_1.txt,3938486,163343,3775143,0.04147355100411681,0.9585264489958832,38,161,11,23,0.04146150971143963,4.087904677172328e-05,2.792978350863081e-06,198.84742342418815,151.51727022289123,0.7619775384248726,218.58519008580487,99.04096019682318,0.453100048351606,20230615_071620_ESWW0070040_1,ESWW0070040_1,C:\Users\datir\project1\data\processed\ts\ESWW0070040_1\overlay\20230615_071620_ESWW0070040_1.png
ESWW0070040,ESWW0070040_1,1,2023-06-16 07:21:50,20230616,072150,20230616_072150_ESWW0070040_1.txt,3937817,232313,3705504,0.058995377388029964,0.94100462261197,3661,703,20,28,0.05811462483948272,0.0001786914397903896,5.083682497592876e-06,174.03618345048037,138.36620338809445,0.795042735624369,212.03113810265307,86.56284547239362,0.4082553451676751,20230616_072150_ESWW0070040_1,ESWW0070040_1,C:\Users\datir\project1\data\processed\ts\ESWW0070040_1\overlay\20230616_072150_ESWW0070040_1.png
ESWW0070040,ESWW0070040_1,1,2023-06-18 09:34:36,20230618,093436,20230618_093436_ESWW0070040_1.txt,3938475,369034,3569441,0.09369971879978926,0.9063002812002108,18976,1065,36,36,0.08930273996753156,0.000271718400744585,9.184847349112731e-06,129.33328891804499,104.69749527073779,0.8095169940129008,181.92497760244424,84.86792989400783,0.46649960336654506,20230618_093436_ESWW0070040_1,ESWW0070040_1,C:\Users\datir\project1\data\processed\ts\ESWW0070040_1\overlay\20230618_093436_ESWW0070040_1.png
ESWW0070040,ESWW0070040_1,1,2023-06-19 08:45:30,20230619,084530,20230619_084530_ESWW0070040_1.txt,3938953,536142,3402811,0.13611281982801013,0.8638871801719898,19249,1272,53,43,0.13185689531658512,0.00032451430005939224,1.3521429169141343e-05,108.03264290208003,94.98946769520451,0.8792663508315931,183.95812379867257,93.7574802810175,0.5096675175032093,20230619_084530_ESWW0070040_1,ESWW0070040_1,C:\Users\datir\project1\data\processed\ts\ESWW0070040_1\overlay\20230619_084530_ESWW0070040_1.png
ESWW0070040,ESWW0070040_1,1,2023-06-20 08:34:38,20230620,083438,20230620_083438_ESWW0070040_1.txt,3938873,540632,3398241,0.13725550430288055,0.8627444956971194,19229,598,66,46,0.13300621178862163,0.0001525648757897401,1.6838263883148572e-05,106.4517873241326,93.54722230358794,0.8787754969181322,179.61412990926215,86.04769223187479,0.47906972728339664,20230620_083438_ESWW0070040_1,ESWW0070040_1,C:\Users\datir\project1\data\processed\ts\ESWW0070040_1\overlay\20230620_083438_ESWW0070040_1.png
ESWW0070040,ESWW0070040_1,1,2023-06-21 11:55:30,20230621,115530,20230621_115530_ESWW0070040_1.txt,3938131,717576,3220555,0.1822123235616083,0.8177876764383917,14304,1621,81,47,0.17920999065453191,0.00041311709206343707,2.064311194147958e-05,100.96317998918764,90.4714461015575,0.8960835634460631,171.5916485654508,66.67456685411481,0.38856533759964956,20230621_115530_ESWW0070040_1,ESWW0070040_1,C:\Users\datir\project1\data\processed\ts\ESWW0070040_1\overlay\20230621_115530_ESWW0070040_1.png
ESWW0070040,ESWW0070040_1,1,2023-06-22 08:40:17,20230622,084017,20230622_084017_ESWW0070040_1.txt,3938691,921525,3017166,0.2339673256927238,0.7660326743072762,15061,1739,94,55,0.23100266844733067,0.000443212025598744,2.39574067891213e-05,83.50810678079664,81.12115177017704,0.9714164875407222,165.5595976523738,63.50049105706752,0.3835506485730883,20230622_084017_ESWW0070040_1,ESWW0070040_1,C:\Users\datir\project1\data\processed\ts\ESWW0070040_1\overlay\20230622_084017_ESWW0070040_1.png
ESWW0070040,ESWW0070040_1,1,2023-06-23 09:55:10,20230623,095510,20230623_095510_ESWW0070040_1.txt,3938949,1171749,2767200,0.29747757587112705,0.702522424128873,26535,2260,104,58,0.2926857944992529,0.0005776484799410287,2.6582053944188933e-05,79.01844016368626,79.5452845428665,1.0066673598983842,155.4378363543798,61.53521281613553,0.39588310194850207,20230623_095510_ESWW0070040_1,ESWW0070040_1,C:\Users\datir\project1\data\processed\ts\ESWW0070040_1\overlay\20230623_095510_ESWW0070040_1.png
ESWW0070040,ESWW0070040_1,1,2023-06-26 09:43:21,20230626,094321,20230626_094321_ESWW0070040_1.txt,3867386,2231695,1635691,0.5770551478440477,0.42294485215595234,3498,1949,191,72,0.5766215273320552,0.0005044142066229663,4.943207463570373e-05,42.06862055115958,43.72537115926842,1.039382099683874,155.5809630700877,66.82330457070717,0.4295082332187642,20230626_094321_ESWW0070040_1,ESWW0070040_1,C:\Users\datir\project1\data\processed\ts\ESWW0070040_1\overlay\20230626_094321_ESWW0070040_1.png
ESWW0070040,ESWW0070040_1,1,2023-06-27 12:27:54,20230627,122754,20230627_122754_ESWW0070040_1.txt,3686294,2990662,695632,0.8112923168906224,0.1887076831093776,5781,2893,129,73,0.8109603199336615,0.0007860317298159251,3.50494618549099e-05,20.02357095704697,24.46139778812308,1.2216301398284948,156.00558777868693,58.943381725047715,0.37782865706493884,20230627_122754_ESWW0070040_1,ESWW0070040_1,C:\Users\datir\project1\data\processed\ts\ESWW0070040_1\overlay\20230627_122754_ESWW0070040_1.png
ESWW0070040,ESWW0070040_1,1,2023-06-28 09:44:22,20230628,094422,20230628_094422_ESWW0070040_1.txt,3615895,3334629,281266,0.9222140023424352,0.07778599765756472,91,4210,101,75,0.92218411174942,0.0011643330224757758,2.7932929992886784e-05,11.864472838800362,12.162369874016463,1.0251083245976078,153.78642281253622,58.24275041330369,0.3787249182868431,20230628_094422_ESWW0070040_1,ESWW0070040_1,C:\Users\datir\project1\data\processed\ts\ESWW0070040_1\overlay\20230628_094422_ESWW0070040_1.png
