leaf_UID,input_images,target_image,target_placl
ESWW0070020_1,C:\Users\datir\project1\data\processed\ts\ESWW0070020_1\overlay\20230525_172420_ESWW0070020_1.png|C:\Users\datir\project1\data\processed\ts\ESWW0070020_1\overlay\20230527_102010_ESWW0070020_1.png|C:\Users\datir\project1\data\processed\ts\ESWW0070020_1\overlay\20230527_164909_ESWW0070020_1.png,C:\Users\datir\project1\data\processed\ts\ESWW0070020_1\overlay\20230529_122541_ESWW0070020_1.png,0.0002501712498223
ESWW0070020_1,C:\Users\datir\project1\data\processed\ts\ESWW0070020_1\overlay\20230527_102010_ESWW0070020_1.png|C:\Users\datir\project1\data\processed\ts\ESWW0070020_1\overlay\20230527_164909_ESWW0070020_1.png|C:\Users\datir\project1\data\processed\ts\ESWW0070020_1\overlay\20230529_122541_ESWW0070020_1.png,C:\Users\datir\project1\data\processed\ts\ESWW0070020_1\overlay\20230530_122548_ESWW0070020_1.png,0.0015383394615314
ESWW0070020_1,C:\Users\datir\project1\data\processed\ts\ESWW0070020_1\overlay\20230527_164909_ESWW0070020_1.png|C:\Users\datir\project1\data\processed\ts\ESWW0070020_1\overlay\20230529_122541_ESWW0070020_1.png|C:\Users\datir\project1\data\processed\ts\ESWW0070020_1\overlay\20230530_122548_ESWW0070020_1.png,C:\Users\datir\project1\data\processed\ts\ESWW0070020_1\overlay\20230531_094332_ESWW0070020_1.png,0.0033451760509835
ESWW0070020_1,C:\Users\datir\project1\data\processed\ts\ESWW0070020_1\overlay\20230529_122541_ESWW0070020_1.png|C:\Users\datir\project1\data\processed\ts\ESWW0070020_1\overlay\20230530_122548_ESWW0070020_1.png|C:\Users\datir\project1\data\processed\ts\ESWW0070020_1\overlay\20230531_094332_ESWW0070020_1.png,C:\Users\datir\project1\data\processed\ts\ESWW0070020_1\overlay\20230531_164152_ESWW0070020_1.png,0.0067750733701324
ESWW0070020_1,C:\Users\datir\project1\data\processed\ts\ESWW0070020_1\overlay\20230530_122548_ESWW0070020_1.png|C:\Users\datir\project1\data\processed\ts\ESWW0070020_1\overlay\20230531_094332_ESWW0070020_1.png|C:\Users\datir\project1\data\processed\ts\ESWW0070020_1\overlay\20230531_164152_ESWW0070020_1.png,C:\Users\datir\project1\data\processed\ts\ESWW0070020_1\overlay\20230601_155601_ESWW0070020_1.png,0.0125820254410163
ESWW0070020_1,C:\Users\datir\project1\data\processed\ts\ESWW0070020_1\overlay\20230531_094332_ESWW0070020_1.png|C:\Users\datir\project1\data\processed\ts\ESWW0070020_1\overlay\20230531_164152_ESWW0070020_1.png|C:\Users\datir\project1\data\processed\ts\ESWW0070020_1\overlay\20230601_155601_ESWW0070020_1.png,C:\Users\datir\project1\data\processed\ts\ESWW0070020_1\overlay\20230602_104754_ESWW0070020_1.png,0.0149932033797047
ESWW0070020_1,C:\Users\datir\project1\data\processed\ts\ESWW0070020_1\overlay\20230531_164152_ESWW0070020_1.png|C:\Users\datir\project1\data\processed\ts\ESWW0070020_1\overlay\20230601_155601_ESWW0070020_1.png|C:\Users\datir\project1\data\processed\ts\ESWW0070020_1\overlay\20230602_104754_ESWW0070020_1.png,C:\Users\datir\project1\data\processed\ts\ESWW0070020_1\overlay\20230603_105040_ESWW0070020_1.png,0.0210481073536118
ESWW0070020_1,C:\Users\datir\project1\data\processed\ts\ESWW0070020_1\overlay\20230601_155601_ESWW0070020_1.png|C:\Users\datir\project1\data\processed\ts\ESWW0070020_1\overlay\20230602_104754_ESWW0070020_1.png|C:\Users\datir\project1\data\processed\ts\ESWW0070020_1\overlay\20230603_105040_ESWW0070020_1.png,C:\Users\datir\project1\data\processed\ts\ESWW0070020_1\overlay\20230604_132542_ESWW0070020_1.png,0.0382662225337973
ESWW0070020_1,C:\Users\datir\project1\data\processed\ts\ESWW0070020_1\overlay\20230602_104754_ESWW0070020_1.png|C:\Users\datir\project1\data\processed\ts\ESWW0070020_1\overlay\20230603_105040_ESWW0070020_1.png|C:\Users\datir\project1\data\processed\ts\ESWW0070020_1\overlay\20230604_132542_ESWW0070020_1.png,C:\Users\datir\project1\data\processed\ts\ESWW0070020_1\overlay\20230606_084622_ESWW0070020_1.png,0.0601438404127074
ESWW0070020_1,C:\Users\datir\project1\data\processed\ts\ESWW0070020_1\overlay\20230603_105040_ESWW0070020_1.png|C:\Users\datir\project1\data\processed\ts\ESWW0070020_1\overlay\20230604_132542_ESWW0070020_1.png|C:\Users\datir\project1\data\processed\ts\ESWW0070020_1\overlay\20230606_084622_ESWW0070020_1.png,C:\Users\datir\project1\data\processed\ts\ESWW0070020_1\overlay\20230607_162917_ESWW0070020_1.png,0.0855736568534488
ESWW0070020_1,C:\Users\datir\project1\data\processed\ts\ESWW0070020_1\overlay\20230604_132542_ESWW0070020_1.png|C:\Users\datir\project1\data\processed\ts\ESWW0070020_1\overlay\20230606_084622_ESWW0070020_1.png|C:\Users\datir\project1\data\processed\ts\ESWW0070020_1\overlay\20230607_162917_ESWW0070020_1.png,C:\Users\datir\project1\data\processed\ts\ESWW0070020_1\overlay\20230608_162957_ESWW0070020_1.png,0.1256024387185408
ESWW0070020_10,C:\Users\datir\project1\data\processed\ts\ESWW0070020_10\overlay\20230525_173337_ESWW0070020_10.png|C:\Users\datir\project1\data\processed\ts\ESWW0070020_10\overlay\20230527_102625_ESWW0070020_10.png|C:\Users\datir\project1\data\processed\ts\ESWW0070020_10\overlay\20230527_165508_ESWW0070020_10.png,C:\Users\datir\project1\data\processed\ts\ESWW0070020_10\overlay\20230529_122032_ESWW0070020_10.png,0.0474143523888537
ESWW0070020_10,C:\Users\datir\project1\data\processed\ts\ESWW0070020_10\overlay\20230527_102625_ESWW0070020_10.png|C:\Users\datir\project1\data\processed\ts\ESWW0070020_10\overlay\20230527_165508_ESWW0070020_10.png|C:\Users\datir\project1\data\processed\ts\ESWW0070020_10\overlay\20230529_122032_ESWW0070020_10.png,C:\Users\datir\project1\data\processed\ts\ESWW0070020_10\overlay\20230530_122041_ESWW0070020_10.png,0.0769900689601804
ESWW0070020_10,C:\Users\datir\project1\data\processed\ts\ESWW0070020_10\overlay\20230527_165508_ESWW0070020_10.png|C:\Users\datir\project1\data\processed\ts\ESWW0070020_10\overlay\20230529_122032_ESWW0070020_10.png|C:\Users\datir\project1\data\processed\ts\ESWW0070020_10\overlay\20230530_122041_ESWW0070020_10.png,C:\Users\datir\project1\data\processed\ts\ESWW0070020_10\overlay\20230531_094702_ESWW0070020_10.png,0.0974681390476121
ESWW0070020_10,C:\Users\datir\project1\data\processed\ts\ESWW0070020_10\overlay\20230529_122032_ESWW0070020_10.png|C:\Users\datir\project1\data\processed\ts\ESWW0070020_10\overlay\20230530_122041_ESWW0070020_10.png|C:\Users\datir\project1\data\processed\ts\ESWW0070020_10\overlay\20230531_094702_ESWW0070020_10.png,C:\Users\datir\project1\data\processed\ts\ESWW0070020_10\overlay\20230531_164844_ESWW0070020_10.png,0.1200356250661741
ESWW0070020_10,C:\Users\datir\project1\data\processed\ts\ESWW0070020_10\overlay\20230530_122041_ESWW0070020_10.png|C:\Users\datir\project1\data\processed\ts\ESWW0070020_10\overlay\20230531_094702_ESWW0070020_10.png|C:\Users\datir\project1\data\processed\ts\ESWW0070020_10\overlay\20230531_164844_ESWW0070020_10.png,C:\Users\datir\project1\data\processed\ts\ESWW0070020_10\overlay\20230601_160052_ESWW0070020_10.png,0.1485659524051762
ESWW0070020_10,C:\Users\datir\project1\data\processed\ts\ESWW0070020_10\overlay\20230531_094702_ESWW0070020_10.png|C:\Users\datir\project1\data\processed\ts\ESWW0070020_10\overlay\20230531_164844_ESWW0070020_10.png|C:\Users\datir\project1\data\processed\ts\ESWW0070020_10\overlay\20230601_160052_ESWW0070020_10.png,C:\Users\datir\project1\data\processed\ts\ESWW0070020_10\overlay\20230602_105227_ESWW0070020_10.png,0.1674694434573117
ESWW0070020_10,C:\Users\datir\project1\data\processed\ts\ESWW0070020_10\overlay\20230531_164844_ESWW0070020_10.png|C:\Users\datir\project1\data\processed\ts\ESWW0070020_10\overlay\20230601_160052_ESWW0070020_10.png|C:\Users\datir\project1\data\processed\ts\ESWW0070020_10\overlay\20230602_105227_ESWW0070020_10.png,C:\Users\datir\project1\data\processed\ts\ESWW0070020_10\overlay\20230603_105514_ESWW0070020_10.png,0.2218527431519034
ESWW0070020_10,C:\Users\datir\project1\data\processed\ts\ESWW0070020_10\overlay\20230601_160052_ESWW0070020_10.png|C:\Users\datir\project1\data\processed\ts\ESWW0070020_10\overlay\20230602_105227_ESWW0070020_10.png|C:\Users\datir\project1\data\processed\ts\ESWW0070020_10\overlay\20230603_105514_ESWW0070020_10.png,C:\Users\datir\project1\data\processed\ts\ESWW0070020_10\overlay\20230604_132853_ESWW0070020_10.png,0.2737914191258738
ESWW0070020_10,C:\Users\datir\project1\data\processed\ts\ESWW0070020_10\overlay\20230602_105227_ESWW0070020_10.png|C:\Users\datir\project1\data\processed\ts\ESWW0070020_10\overlay\20230603_105514_ESWW0070020_10.png|C:\Users\datir\project1\data\processed\ts\ESWW0070020_10\overlay\20230604_132853_ESWW0070020_10.png,C:\Users\datir\project1\data\processed\ts\ESWW0070020_10\overlay\20230606_093811_ESWW0070020_10.png,0.3679973236056862
ESWW0070020_10,C:\Users\datir\project1\data\processed\ts\ESWW0070020_10\overlay\20230603_105514_ESWW0070020_10.png|C:\Users\datir\project1\data\processed\ts\ESWW0070020_10\overlay\20230604_132853_ESWW0070020_10.png|C:\Users\datir\project1\data\processed\ts\ESWW0070020_10\overlay\20230606_093811_ESWW0070020_10.png,C:\Users\datir\project1\data\processed\ts\ESWW0070020_10\overlay\20230607_163548_ESWW0070020_10.png,0.5019563386904523
ESWW0070020_10,C:\Users\datir\project1\data\processed\ts\ESWW0070020_10\overlay\20230604_132853_ESWW0070020_10.png|C:\Users\datir\project1\data\processed\ts\ESWW0070020_10\overlay\20230606_093811_ESWW0070020_10.png|C:\Users\datir\project1\data\processed\ts\ESWW0070020_10\overlay\20230607_163548_ESWW0070020_10.png,C:\Users\datir\project1\data\processed\ts\ESWW0070020_10\overlay\20230608_163537_ESWW0070020_10.png,0.6195598532237063
ESWW0070020_2,C:\Users\datir\project1\data\processed\ts\ESWW0070020_2\overlay\20230525_172617_ESWW0070020_2.png|C:\Users\datir\project1\data\processed\ts\ESWW0070020_2\overlay\20230526_104742_ESWW0070020_2.png|C:\Users\datir\project1\data\processed\ts\ESWW0070020_2\overlay\20230527_102045_ESWW0070020_2.png,C:\Users\datir\project1\data\processed\ts\ESWW0070020_2\overlay\20230527_164953_ESWW0070020_2.png,0.0012726991684762
ESWW0070020_2,C:\Users\datir\project1\data\processed\ts\ESWW0070020_2\overlay\20230526_104742_ESWW0070020_2.png|C:\Users\datir\project1\data\processed\ts\ESWW0070020_2\overlay\20230527_102045_ESWW0070020_2.png|C:\Users\datir\project1\data\processed\ts\ESWW0070020_2\overlay\20230527_164953_ESWW0070020_2.png,C:\Users\datir\project1\data\processed\ts\ESWW0070020_2\overlay\20230529_122512_ESWW0070020_2.png,0.017227523399642
ESWW0070020_2,C:\Users\datir\project1\data\processed\ts\ESWW0070020_2\overlay\20230527_102045_ESWW0070020_2.png|C:\Users\datir\project1\data\processed\ts\ESWW0070020_2\overlay\20230527_164953_ESWW0070020_2.png|C:\Users\datir\project1\data\processed\ts\ESWW0070020_2\overlay\20230529_122512_ESWW0070020_2.png,C:\Users\datir\project1\data\processed\ts\ESWW0070020_2\overlay\20230530_122519_ESWW0070020_2.png,0.0346811343313617
ESWW0070020_2,C:\Users\datir\project1\data\processed\ts\ESWW0070020_2\overlay\20230527_164953_ESWW0070020_2.png|C:\Users\datir\project1\data\processed\ts\ESWW0070020_2\overlay\20230529_122512_ESWW0070020_2.png|C:\Users\datir\project1\data\processed\ts\ESWW0070020_2\overlay\20230530_122519_ESWW0070020_2.png,C:\Users\datir\project1\data\processed\ts\ESWW0070020_2\overlay\20230531_094403_ESWW0070020_2.png,0.0592523677451936
ESWW0070020_2,C:\Users\datir\project1\data\processed\ts\ESWW0070020_2\overlay\20230529_122512_ESWW0070020_2.png|C:\Users\datir\project1\data\processed\ts\ESWW0070020_2\overlay\20230530_122519_ESWW0070020_2.png|C:\Users\datir\project1\data\processed\ts\ESWW0070020_2\overlay\20230531_094403_ESWW0070020_2.png,C:\Users\datir\project1\data\processed\ts\ESWW0070020_2\overlay\20230531_164245_ESWW0070020_2.png,0.0799436665551565
ESWW0070020_2,C:\Users\datir\project1\data\processed\ts\ESWW0070020_2\overlay\20230530_122519_ESWW0070020_2.png|C:\Users\datir\project1\data\processed\ts\ESWW0070020_2\overlay\20230531_094403_ESWW0070020_2.png|C:\Users\datir\project1\data\processed\ts\ESWW0070020_2\overlay\20230531_164245_ESWW0070020_2.png,C:\Users\datir\project1\data\processed\ts\ESWW0070020_2\overlay\20230601_155634_ESWW0070020_2.png,0.1298659877950573
ESWW0070020_2,C:\Users\datir\project1\data\processed\ts\ESWW0070020_2\overlay\20230531_094403_ESWW0070020_2.png|C:\Users\datir\project1\data\processed\ts\ESWW0070020_2\overlay\20230531_164245_ESWW0070020_2.png|C:\Users\datir\project1\data\processed\ts\ESWW0070020_2\overlay\20230601_155634_ESWW0070020_2.png,C:\Users\datir\project1\data\processed\ts\ESWW0070020_2\overlay\20230602_104835_ESWW0070020_2.png,0.1569265536570349
ESWW0070020_2,C:\Users\datir\project1\data\processed\ts\ESWW0070020_2\overlay\20230531_164245_ESWW0070020_2.png|C:\Users\datir\project1\data\processed\ts\ESWW0070020_2\overlay\20230601_155634_ESWW0070020_2.png|C:\Users\datir\project1\data\processed\ts\ESWW0070020_2\overlay\20230602_104835_ESWW0070020_2.png,C:\Users\datir\project1\data\processed\ts\ESWW0070020_2\overlay\20230603_105112_ESWW0070020_2.png,0.2348985851936222
ESWW0070020_2,C:\Users\datir\project1\data\processed\ts\ESWW0070020_2\overlay\20230601_155634_ESWW0070020_2.png|C:\Users\datir\project1\data\processed\ts\ESWW0070020_2\overlay\20230602_104835_ESWW0070020_2.png|C:\Users\datir\project1\data\processed\ts\ESWW0070020_2\overlay\20230603_105112_ESWW0070020_2.png,C:\Users\datir\project1\data\processed\ts\ESWW0070020_2\overlay\20230604_132610_ESWW0070020_2.png,0.2484047201316868
ESWW0070020_2,C:\Users\datir\project1\data\processed\ts\ESWW0070020_2\overlay\20230602_104835_ESWW0070020_2.png|C:\Users\datir\project1\data\processed\ts\ESWW0070020_2\overlay\20230603_105112_ESWW0070020_2.png|C:\Users\datir\project1\data\processed\ts\ESWW0070020_2\overlay\20230604_132610_ESWW0070020_2.png,C:\Users\datir\project1\data\processed\ts\ESWW0070020_2\overlay\20230606_085020_ESWW0070020_2.png,0.3790007434289952
ESWW0070020_2,C:\Users\datir\project1\data\processed\ts\ESWW0070020_2\overlay\20230603_105112_ESWW0070020_2.png|C:\Users\datir\project1\data\processed\ts\ESWW0070020_2\overlay\20230604_132610_ESWW0070020_2.png|C:\Users\datir\project1\data\processed\ts\ESWW0070020_2\overlay\20230606_085020_ESWW0070020_2.png,C:\Users\datir\project1\data\processed\ts\ESWW0070020_2\overlay\20230607_162959_ESWW0070020_2.png,0.4013556096616579
ESWW0070020_2,C:\Users\datir\project1\data\processed\ts\ESWW0070020_2\overlay\20230604_132610_ESWW0070020_2.png|C:\Users\datir\project1\data\processed\ts\ESWW0070020_2\overlay\20230606_085020_ESWW0070020_2.png|C:\Users\datir\project1\data\processed\ts\ESWW0070020_2\overlay\20230607_162959_ESWW0070020_2.png,C:\Users\datir\project1\data\processed\ts\ESWW0070020_2\overlay\20230608_163036_ESWW0070020_2.png,0.4598045284905759
ESWW0070020_3,C:\Users\datir\project1\data\processed\ts\ESWW0070020_3\overlay\20230526_104711_ESWW0070020_3.png|C:\Users\datir\project1\data\processed\ts\ESWW0070020_3\overlay\20230527_102135_ESWW0070020_3.png|C:\Users\datir\project1\data\processed\ts\ESWW0070020_3\overlay\20230527_165029_ESWW0070020_3.png,C:\Users\datir\project1\data\processed\ts\ESWW0070020_3\overlay\20230529_122428_ESWW0070020_3.png,0.0387697678837791
ESWW0070020_3,C:\Users\datir\project1\data\processed\ts\ESWW0070020_3\overlay\20230527_102135_ESWW0070020_3.png|C:\Users\datir\project1\data\processed\ts\ESWW0070020_3\overlay\20230527_165029_ESWW0070020_3.png|C:\Users\datir\project1\data\processed\ts\ESWW0070020_3\overlay\20230529_122428_ESWW0070020_3.png,C:\Users\datir\project1\data\processed\ts\ESWW0070020_3\overlay\20230530_122439_ESWW0070020_3.png,0.0613907642779094
ESWW0070020_3,C:\Users\datir\project1\data\processed\ts\ESWW0070020_3\overlay\20230527_165029_ESWW0070020_3.png|C:\Users\datir\project1\data\processed\ts\ESWW0070020_3\overlay\20230529_122428_ESWW0070020_3.png|C:\Users\datir\project1\data\processed\ts\ESWW0070020_3\overlay\20230530_122439_ESWW0070020_3.png,C:\Users\datir\project1\data\processed\ts\ESWW0070020_3\overlay\20230531_094428_ESWW0070020_3.png,0.0904628581455549
ESWW0070020_3,C:\Users\datir\project1\data\processed\ts\ESWW0070020_3\overlay\20230529_122428_ESWW0070020_3.png|C:\Users\datir\project1\data\processed\ts\ESWW0070020_3\overlay\20230530_122439_ESWW0070020_3.png|C:\Users\datir\project1\data\processed\ts\ESWW0070020_3\overlay\20230531_094428_ESWW0070020_3.png,C:\Users\datir\project1\data\processed\ts\ESWW0070020_3\overlay\20230531_164402_ESWW0070020_3.png,0.109476255103362
ESWW0070020_3,C:\Users\datir\project1\data\processed\ts\ESWW0070020_3\overlay\20230530_122439_ESWW0070020_3.png|C:\Users\datir\project1\data\processed\ts\ESWW0070020_3\overlay\20230531_094428_ESWW0070020_3.png|C:\Users\datir\project1\data\processed\ts\ESWW0070020_3\overlay\20230531_164402_ESWW0070020_3.png,C:\Users\datir\project1\data\processed\ts\ESWW0070020_3\overlay\20230601_155817_ESWW0070020_3.png,0.1629839203216494
ESWW0070020_3,C:\Users\datir\project1\data\processed\ts\ESWW0070020_3\overlay\20230531_094428_ESWW0070020_3.png|C:\Users\datir\project1\data\processed\ts\ESWW0070020_3\overlay\20230531_164402_ESWW0070020_3.png|C:\Users\datir\project1\data\processed\ts\ESWW0070020_3\overlay\20230601_155817_ESWW0070020_3.png,C:\Users\datir\project1\data\processed\ts\ESWW0070020_3\overlay\20230602_104926_ESWW0070020_3.png,0.192207950280319
ESWW0070020_3,C:\Users\datir\project1\data\processed\ts\ESWW0070020_3\overlay\20230531_164402_ESWW0070020_3.png|C:\Users\datir\project1\data\processed\ts\ESWW0070020_3\overlay\20230601_155817_ESWW0070020_3.png|C:\Users\datir\project1\data\processed\ts\ESWW0070020_3\overlay\20230602_104926_ESWW0070020_3.png,C:\Users\datir\project1\data\processed\ts\ESWW0070020_3\overlay\20230603_105211_ESWW0070020_3.png,0.2032664938592837
ESWW0070020_3,C:\Users\datir\project1\data\processed\ts\ESWW0070020_3\overlay\20230601_155817_ESWW0070020_3.png|C:\Users\datir\project1\data\processed\ts\ESWW0070020_3\overlay\20230602_104926_ESWW0070020_3.png|C:\Users\datir\project1\data\processed\ts\ESWW0070020_3\overlay\20230603_105211_ESWW0070020_3.png,C:\Users\datir\project1\data\processed\ts\ESWW0070020_3\overlay\20230604_132631_ESWW0070020_3.png,0.2529192271302666
ESWW0070020_3,C:\Users\datir\project1\data\processed\ts\ESWW0070020_3\overlay\20230602_104926_ESWW0070020_3.png|C:\Users\datir\project1\data\processed\ts\ESWW0070020_3\overlay\20230603_105211_ESWW0070020_3.png|C:\Users\datir\project1\data\processed\ts\ESWW0070020_3\overlay\20230604_132631_ESWW0070020_3.png,C:\Users\datir\project1\data\processed\ts\ESWW0070020_3\overlay\20230606_090853_ESWW0070020_3.png,0.3463795691958623
ESWW0070020_3,C:\Users\datir\project1\data\processed\ts\ESWW0070020_3\overlay\20230603_105211_ESWW0070020_3.png|C:\Users\datir\project1\data\processed\ts\ESWW0070020_3\overlay\20230604_132631_ESWW0070020_3.png|C:\Users\datir\project1\data\processed\ts\ESWW0070020_3\overlay\20230606_090853_ESWW0070020_3.png,C:\Users\datir\project1\data\processed\ts\ESWW0070020_3\overlay\20230607_163050_ESWW0070020_3.png,0.385628745670188
ESWW0070020_3,C:\Users\datir\project1\data\processed\ts\ESWW0070020_3\overlay\20230604_132631_ESWW0070020_3.png|C:\Users\datir\project1\data\processed\ts\ESWW0070020_3\overlay\20230606_090853_ESWW0070020_3.png|C:\Users\datir\project1\data\processed\ts\ESWW0070020_3\overlay\20230607_163050_ESWW0070020_3.png,C:\Users\datir\project1\data\processed\ts\ESWW0070020_3\overlay\20230608_163113_ESWW0070020_3.png,0.4359378759316735
ESWW0070020_4,C:\Users\datir\project1\data\processed\ts\ESWW0070020_4\overlay\20230525_172841_ESWW0070020_4.png|C:\Users\datir\project1\data\processed\ts\ESWW0070020_4\overlay\20230526_104428_ESWW0070020_4.png|C:\Users\datir\project1\data\processed\ts\ESWW0070020_4\overlay\20230527_102226_ESWW0070020_4.png,C:\Users\datir\project1\data\processed\ts\ESWW0070020_4\overlay\20230527_165103_ESWW0070020_4.png,0.0
ESWW0070020_4,C:\Users\datir\project1\data\processed\ts\ESWW0070020_4\overlay\20230526_104428_ESWW0070020_4.png|C:\Users\datir\project1\data\processed\ts\ESWW0070020_4\overlay\20230527_102226_ESWW0070020_4.png|C:\Users\datir\project1\data\processed\ts\ESWW0070020_4\overlay\20230527_165103_ESWW0070020_4.png,C:\Users\datir\project1\data\processed\ts\ESWW0070020_4\overlay\20230529_122349_ESWW0070020_4.png,0.0011936313603338
ESWW0070020_4,C:\Users\datir\project1\data\processed\ts\ESWW0070020_4\overlay\20230527_102226_ESWW0070020_4.png|C:\Users\datir\project1\data\processed\ts\ESWW0070020_4\overlay\20230527_165103_ESWW0070020_4.png|C:\Users\datir\project1\data\processed\ts\ESWW0070020_4\overlay\20230529_122349_ESWW0070020_4.png,C:\Users\datir\project1\data\processed\ts\ESWW0070020_4\overlay\20230530_122353_ESWW0070020_4.png,0.0019796234686406
ESWW0070020_4,C:\Users\datir\project1\data\processed\ts\ESWW0070020_4\overlay\20230527_165103_ESWW0070020_4.png|C:\Users\datir\project1\data\processed\ts\ESWW0070020_4\overlay\20230529_122349_ESWW0070020_4.png|C:\Users\datir\project1\data\processed\ts\ESWW0070020_4\overlay\20230530_122353_ESWW0070020_4.png,C:\Users\datir\project1\data\processed\ts\ESWW0070020_4\overlay\20230531_094455_ESWW0070020_4.png,0.0031416880567446
ESWW0070020_4,C:\Users\datir\project1\data\processed\ts\ESWW0070020_4\overlay\20230529_122349_ESWW0070020_4.png|C:\Users\datir\project1\data\processed\ts\ESWW0070020_4\overlay\20230530_122353_ESWW0070020_4.png|C:\Users\datir\project1\data\processed\ts\ESWW0070020_4\overlay\20230531_094455_ESWW0070020_4.png,C:\Users\datir\project1\data\processed\ts\ESWW0070020_4\overlay\20230531_164451_ESWW0070020_4.png,0.0035532181458863
ESWW0070020_4,C:\Users\datir\project1\data\processed\ts\ESWW0070020_4\overlay\20230530_122353_ESWW0070020_4.png|C:\Users\datir\project1\data\processed\ts\ESWW0070020_4\overlay\20230531_094455_ESWW0070020_4.png|C:\Users\datir\project1\data\processed\ts\ESWW0070020_4\overlay\20230531_164451_ESWW0070020_4.png,C:\Users\datir\project1\data\processed\ts\ESWW0070020_4\overlay\20230601_155855_ESWW0070020_4.png,0.0074524573987445
ESWW0070020_4,C:\Users\datir\project1\data\processed\ts\ESWW0070020_4\overlay\20230531_094455_ESWW0070020_4.png|C:\Users\datir\project1\data\processed\ts\ESWW0070020_4\overlay\20230531_164451_ESWW0070020_4.png|C:\Users\datir\project1\data\processed\ts\ESWW0070020_4\overlay\20230601_155855_ESWW0070020_4.png,C:\Users\datir\project1\data\processed\ts\ESWW0070020_4\overlay\20230602_105001_ESWW0070020_4.png,0.008405382692218
ESWW0070020_4,C:\Users\datir\project1\data\processed\ts\ESWW0070020_4\overlay\20230531_164451_ESWW0070020_4.png|C:\Users\datir\project1\data\processed\ts\ESWW0070020_4\overlay\20230601_155855_ESWW0070020_4.png|C:\Users\datir\project1\data\processed\ts\ESWW0070020_4\overlay\20230602_105001_ESWW0070020_4.png,C:\Users\datir\project1\data\processed\ts\ESWW0070020_4\overlay\20230603_105247_ESWW0070020_4.png,0.010017699870686
ESWW0070020_4,C:\Users\datir\project1\data\processed\ts\ESWW0070020_4\overlay\20230601_155855_ESWW0070020_4.png|C:\Users\datir\project1\data\processed\ts\ESWW0070020_4\overlay\20230602_105001_ESWW0070020_4.png|C:\Users\datir\project1\data\processed\ts\ESWW0070020_4\overlay\20230603_105247_ESWW0070020_4.png,C:\Users\datir\project1\data\processed\ts\ESWW0070020_4\overlay\20230604_132655_ESWW0070020_4.png,0.0146460554146628
ESWW0070020_4,C:\Users\datir\project1\data\processed\ts\ESWW0070020_4\overlay\20230602_105001_ESWW0070020_4.png|C:\Users\datir\project1\data\processed\ts\ESWW0070020_4\overlay\20230603_105247_ESWW0070020_4.png|C:\Users\datir\project1\data\processed\ts\ESWW0070020_4\overlay\20230604_132655_ESWW0070020_4.png,C:\Users\datir\project1\data\processed\ts\ESWW0070020_4\overlay\20230606_091143_ESWW0070020_4.png,0.0242563964073419
ESWW0070020_4,C:\Users\datir\project1\data\processed\ts\ESWW0070020_4\overlay\20230603_105247_ESWW0070020_4.png|C:\Users\datir\project1\data\processed\ts\ESWW0070020_4\overlay\20230604_132655_ESWW0070020_4.png|C:\Users\datir\project1\data\processed\ts\ESWW0070020_4\overlay\20230606_091143_ESWW0070020_4.png,C:\Users\datir\project1\data\processed\ts\ESWW0070020_4\overlay\20230607_163152_ESWW0070020_4.png,0.0348597310107547
ESWW0070020_4,C:\Users\datir\project1\data\processed\ts\ESWW0070020_4\overlay\20230604_132655_ESWW0070020_4.png|C:\Users\datir\project1\data\processed\ts\ESWW0070020_4\overlay\20230606_091143_ESWW0070020_4.png|C:\Users\datir\project1\data\processed\ts\ESWW0070020_4\overlay\20230607_163152_ESWW0070020_4.png,C:\Users\datir\project1\data\processed\ts\ESWW0070020_4\overlay\20230608_163210_ESWW0070020_4.png,0.0479016005989842
ESWW0070020_5,C:\Users\datir\project1\data\processed\ts\ESWW0070020_5\overlay\20230525_172943_ESWW0070020_5.png|C:\Users\datir\project1\data\processed\ts\ESWW0070020_5\overlay\20230527_102313_ESWW0070020_5.png|C:\Users\datir\project1\data\processed\ts\ESWW0070020_5\overlay\20230527_165132_ESWW0070020_5.png,C:\Users\datir\project1\data\processed\ts\ESWW0070020_5\overlay\20230529_122305_ESWW0070020_5.png,0.0008911402041985
ESWW0070020_5,C:\Users\datir\project1\data\processed\ts\ESWW0070020_5\overlay\20230527_102313_ESWW0070020_5.png|C:\Users\datir\project1\data\processed\ts\ESWW0070020_5\overlay\20230527_165132_ESWW0070020_5.png|C:\Users\datir\project1\data\processed\ts\ESWW0070020_5\overlay\20230529_122305_ESWW0070020_5.png,C:\Users\datir\project1\data\processed\ts\ESWW0070020_5\overlay\20230530_122315_ESWW0070020_5.png,0.0013118977406988
ESWW0070020_5,C:\Users\datir\project1\data\processed\ts\ESWW0070020_5\overlay\20230527_165132_ESWW0070020_5.png|C:\Users\datir\project1\data\processed\ts\ESWW0070020_5\overlay\20230529_122305_ESWW0070020_5.png|C:\Users\datir\project1\data\processed\ts\ESWW0070020_5\overlay\20230530_122315_ESWW0070020_5.png,C:\Users\datir\project1\data\processed\ts\ESWW0070020_5\overlay\20230531_094512_ESWW0070020_5.png,0.0018718232774394
ESWW0070020_5,C:\Users\datir\project1\data\processed\ts\ESWW0070020_5\overlay\20230529_122305_ESWW0070020_5.png|C:\Users\datir\project1\data\processed\ts\ESWW0070020_5\overlay\20230530_122315_ESWW0070020_5.png|C:\Users\datir\project1\data\processed\ts\ESWW0070020_5\overlay\20230531_094512_ESWW0070020_5.png,C:\Users\datir\project1\data\processed\ts\ESWW0070020_5\overlay\20230531_164533_ESWW0070020_5.png,0.0015579997339212
ESWW0070020_5,C:\Users\datir\project1\data\processed\ts\ESWW0070020_5\overlay\20230530_122315_ESWW0070020_5.png|C:\Users\datir\project1\data\processed\ts\ESWW0070020_5\overlay\20230531_094512_ESWW0070020_5.png|C:\Users\datir\project1\data\processed\ts\ESWW0070020_5\overlay\20230531_164533_ESWW0070020_5.png,C:\Users\datir\project1\data\processed\ts\ESWW0070020_5\overlay\20230601_155913_ESWW0070020_5.png,0.0018150717922571
ESWW0070020_5,C:\Users\datir\project1\data\processed\ts\ESWW0070020_5\overlay\20230531_094512_ESWW0070020_5.png|C:\Users\datir\project1\data\processed\ts\ESWW0070020_5\overlay\20230531_164533_ESWW0070020_5.png|C:\Users\datir\project1\data\processed\ts\ESWW0070020_5\overlay\20230601_155913_ESWW0070020_5.png,C:\Users\datir\project1\data\processed\ts\ESWW0070020_5\overlay\20230602_105021_ESWW0070020_5.png,0.0028014726163909
ESWW0070020_5,C:\Users\datir\project1\data\processed\ts\ESWW0070020_5\overlay\20230531_164533_ESWW0070020_5.png|C:\Users\datir\project1\data\processed\ts\ESWW0070020_5\overlay\20230601_155913_ESWW0070020_5.png|C:\Users\datir\project1\data\processed\ts\ESWW0070020_5\overlay\20230602_105021_ESWW0070020_5.png,C:\Users\datir\project1\data\processed\ts\ESWW0070020_5\overlay\20230603_105312_ESWW0070020_5.png,0.0042064116721095
ESWW0070020_5,C:\Users\datir\project1\data\processed\ts\ESWW0070020_5\overlay\20230601_155913_ESWW0070020_5.png|C:\Users\datir\project1\data\processed\ts\ESWW0070020_5\overlay\20230602_105021_ESWW0070020_5.png|C:\Users\datir\project1\data\processed\ts\ESWW0070020_5\overlay\20230603_105312_ESWW0070020_5.png,C:\Users\datir\project1\data\processed\ts\ESWW0070020_5\overlay\20230604_132719_ESWW0070020_5.png,0.007006695672043
ESWW0070020_5,C:\Users\datir\project1\data\processed\ts\ESWW0070020_5\overlay\20230602_105021_ESWW0070020_5.png|C:\Users\datir\project1\data\processed\ts\ESWW0070020_5\overlay\20230603_105312_ESWW0070020_5.png|C:\Users\datir\project1\data\processed\ts\ESWW0070020_5\overlay\20230604_132719_ESWW0070020_5.png,C:\Users\datir\project1\data\processed\ts\ESWW0070020_5\overlay\20230606_091753_ESWW0070020_5.png,0.0153490570244985
ESWW0070020_5,C:\Users\datir\project1\data\processed\ts\ESWW0070020_5\overlay\20230603_105312_ESWW0070020_5.png|C:\Users\datir\project1\data\processed\ts\ESWW0070020_5\overlay\20230604_132719_ESWW0070020_5.png|C:\Users\datir\project1\data\processed\ts\ESWW0070020_5\overlay\20230606_091753_ESWW0070020_5.png,C:\Users\datir\project1\data\processed\ts\ESWW0070020_5\overlay\20230607_163240_ESWW0070020_5.png,0.0291232714144848
ESWW0070020_5,C:\Users\datir\project1\data\processed\ts\ESWW0070020_5\overlay\20230604_132719_ESWW0070020_5.png|C:\Users\datir\project1\data\processed\ts\ESWW0070020_5\overlay\20230606_091753_ESWW0070020_5.png|C:\Users\datir\project1\data\processed\ts\ESWW0070020_5\overlay\20230607_163240_ESWW0070020_5.png,C:\Users\datir\project1\data\processed\ts\ESWW0070020_5\overlay\20230608_163247_ESWW0070020_5.png,0.0652568117918697
ESWW0070020_6,C:\Users\datir\project1\data\processed\ts\ESWW0070020_6\overlay\20230525_173028_ESWW0070020_6.png|C:\Users\datir\project1\data\processed\ts\ESWW0070020_6\overlay\20230526_101402_ESWW0070020_6.png|C:\Users\datir\project1\data\processed\ts\ESWW0070020_6\overlay\20230527_102357_ESWW0070020_6.png,C:\Users\datir\project1\data\processed\ts\ESWW0070020_6\overlay\20230527_165210_ESWW0070020_6.png,0.0001625068043227
ESWW0070020_6,C:\Users\datir\project1\data\processed\ts\ESWW0070020_6\overlay\20230526_101402_ESWW0070020_6.png|C:\Users\datir\project1\data\processed\ts\ESWW0070020_6\overlay\20230527_102357_ESWW0070020_6.png|C:\Users\datir\project1\data\processed\ts\ESWW0070020_6\overlay\20230527_165210_ESWW0070020_6.png,C:\Users\datir\project1\data\processed\ts\ESWW0070020_6\overlay\20230529_122237_ESWW0070020_6.png,0.0011990386903906
ESWW0070020_6,C:\Users\datir\project1\data\processed\ts\ESWW0070020_6\overlay\20230527_102357_ESWW0070020_6.png|C:\Users\datir\project1\data\processed\ts\ESWW0070020_6\overlay\20230527_165210_ESWW0070020_6.png|C:\Users\datir\project1\data\processed\ts\ESWW0070020_6\overlay\20230529_122237_ESWW0070020_6.png,C:\Users\datir\project1\data\processed\ts\ESWW0070020_6\overlay\20230530_122244_ESWW0070020_6.png,0.0010583773948603
ESWW0070020_6,C:\Users\datir\project1\data\processed\ts\ESWW0070020_6\overlay\20230527_165210_ESWW0070020_6.png|C:\Users\datir\project1\data\processed\ts\ESWW0070020_6\overlay\20230529_122237_ESWW0070020_6.png|C:\Users\datir\project1\data\processed\ts\ESWW0070020_6\overlay\20230530_122244_ESWW0070020_6.png,C:\Users\datir\project1\data\processed\ts\ESWW0070020_6\overlay\20230531_094540_ESWW0070020_6.png,0.0029193701561097
ESWW0070020_6,C:\Users\datir\project1\data\processed\ts\ESWW0070020_6\overlay\20230529_122237_ESWW0070020_6.png|C:\Users\datir\project1\data\processed\ts\ESWW0070020_6\overlay\20230530_122244_ESWW0070020_6.png|C:\Users\datir\project1\data\processed\ts\ESWW0070020_6\overlay\20230531_094540_ESWW0070020_6.png,C:\Users\datir\project1\data\processed\ts\ESWW0070020_6\overlay\20230531_164618_ESWW0070020_6.png,0.00151005124613
ESWW0070020_6,C:\Users\datir\project1\data\processed\ts\ESWW0070020_6\overlay\20230530_122244_ESWW0070020_6.png|C:\Users\datir\project1\data\processed\ts\ESWW0070020_6\overlay\20230531_094540_ESWW0070020_6.png|C:\Users\datir\project1\data\processed\ts\ESWW0070020_6\overlay\20230531_164618_ESWW0070020_6.png,C:\Users\datir\project1\data\processed\ts\ESWW0070020_6\overlay\20230601_155934_ESWW0070020_6.png,0.0063090280556366
ESWW0070020_6,C:\Users\datir\project1\data\processed\ts\ESWW0070020_6\overlay\20230531_094540_ESWW0070020_6.png|C:\Users\datir\project1\data\processed\ts\ESWW0070020_6\overlay\20230531_164618_ESWW0070020_6.png|C:\Users\datir\project1\data\processed\ts\ESWW0070020_6\overlay\20230601_155934_ESWW0070020_6.png,C:\Users\datir\project1\data\processed\ts\ESWW0070020_6\overlay\20230602_105047_ESWW0070020_6.png,0.0070387449719538
ESWW0070020_6,C:\Users\datir\project1\data\processed\ts\ESWW0070020_6\overlay\20230531_164618_ESWW0070020_6.png|C:\Users\datir\project1\data\processed\ts\ESWW0070020_6\overlay\20230601_155934_ESWW0070020_6.png|C:\Users\datir\project1\data\processed\ts\ESWW0070020_6\overlay\20230602_105047_ESWW0070020_6.png,C:\Users\datir\project1\data\processed\ts\ESWW0070020_6\overlay\20230603_105332_ESWW0070020_6.png,0.007958548476055
ESWW0070020_6,C:\Users\datir\project1\data\processed\ts\ESWW0070020_6\overlay\20230601_155934_ESWW0070020_6.png|C:\Users\datir\project1\data\processed\ts\ESWW0070020_6\overlay\20230602_105047_ESWW0070020_6.png|C:\Users\datir\project1\data\processed\ts\ESWW0070020_6\overlay\20230603_105332_ESWW0070020_6.png,C:\Users\datir\project1\data\processed\ts\ESWW0070020_6\overlay\20230604_132737_ESWW0070020_6.png,0.0150556267979066
ESWW0070020_6,C:\Users\datir\project1\data\processed\ts\ESWW0070020_6\overlay\20230602_105047_ESWW0070020_6.png|C:\Users\datir\project1\data\processed\ts\ESWW0070020_6\overlay\20230603_105332_ESWW0070020_6.png|C:\Users\datir\project1\data\processed\ts\ESWW0070020_6\overlay\20230604_132737_ESWW0070020_6.png,C:\Users\datir\project1\data\processed\ts\ESWW0070020_6\overlay\20230606_092242_ESWW0070020_6.png,0.0230366709796768
ESWW0070020_6,C:\Users\datir\project1\data\processed\ts\ESWW0070020_6\overlay\20230603_105332_ESWW0070020_6.png|C:\Users\datir\project1\data\processed\ts\ESWW0070020_6\overlay\20230604_132737_ESWW0070020_6.png|C:\Users\datir\project1\data\processed\ts\ESWW0070020_6\overlay\20230606_092242_ESWW0070020_6.png,C:\Users\datir\project1\data\processed\ts\ESWW0070020_6\overlay\20230607_163322_ESWW0070020_6.png,0.0304215177383472
ESWW0070020_6,C:\Users\datir\project1\data\processed\ts\ESWW0070020_6\overlay\20230604_132737_ESWW0070020_6.png|C:\Users\datir\project1\data\processed\ts\ESWW0070020_6\overlay\20230606_092242_ESWW0070020_6.png|C:\Users\datir\project1\data\processed\ts\ESWW0070020_6\overlay\20230607_163322_ESWW0070020_6.png,C:\Users\datir\project1\data\processed\ts\ESWW0070020_6\overlay\20230608_163326_ESWW0070020_6.png,0.0489146223174091
ESWW0070020_7,C:\Users\datir\project1\data\processed\ts\ESWW0070020_7\overlay\20230525_173056_ESWW0070020_7.png|C:\Users\datir\project1\data\processed\ts\ESWW0070020_7\overlay\20230527_102434_ESWW0070020_7.png|C:\Users\datir\project1\data\processed\ts\ESWW0070020_7\overlay\20230527_165250_ESWW0070020_7.png,C:\Users\datir\project1\data\processed\ts\ESWW0070020_7\overlay\20230529_122211_ESWW0070020_7.png,0.000220960094156
ESWW0070020_7,C:\Users\datir\project1\data\processed\ts\ESWW0070020_7\overlay\20230527_102434_ESWW0070020_7.png|C:\Users\datir\project1\data\processed\ts\ESWW0070020_7\overlay\20230527_165250_ESWW0070020_7.png|C:\Users\datir\project1\data\processed\ts\ESWW0070020_7\overlay\20230529_122211_ESWW0070020_7.png,C:\Users\datir\project1\data\processed\ts\ESWW0070020_7\overlay\20230530_122214_ESWW0070020_7.png,0.0011200628111129
ESWW0070020_7,C:\Users\datir\project1\data\processed\ts\ESWW0070020_7\overlay\20230527_165250_ESWW0070020_7.png|C:\Users\datir\project1\data\processed\ts\ESWW0070020_7\overlay\20230529_122211_ESWW0070020_7.png|C:\Users\datir\project1\data\processed\ts\ESWW0070020_7\overlay\20230530_122214_ESWW0070020_7.png,C:\Users\datir\project1\data\processed\ts\ESWW0070020_7\overlay\20230531_094604_ESWW0070020_7.png,0.0007268307794962
ESWW0070020_7,C:\Users\datir\project1\data\processed\ts\ESWW0070020_7\overlay\20230529_122211_ESWW0070020_7.png|C:\Users\datir\project1\data\processed\ts\ESWW0070020_7\overlay\20230530_122214_ESWW0070020_7.png|C:\Users\datir\project1\data\processed\ts\ESWW0070020_7\overlay\20230531_094604_ESWW0070020_7.png,C:\Users\datir\project1\data\processed\ts\ESWW0070020_7\overlay\20230531_164735_ESWW0070020_7.png,0.0026948516253031
ESWW0070020_7,C:\Users\datir\project1\data\processed\ts\ESWW0070020_7\overlay\20230530_122214_ESWW0070020_7.png|C:\Users\datir\project1\data\processed\ts\ESWW0070020_7\overlay\20230531_094604_ESWW0070020_7.png|C:\Users\datir\project1\data\processed\ts\ESWW0070020_7\overlay\20230531_164735_ESWW0070020_7.png,C:\Users\datir\project1\data\processed\ts\ESWW0070020_7\overlay\20230601_155955_ESWW0070020_7.png,0.0043059695532431
ESWW0070020_7,C:\Users\datir\project1\data\processed\ts\ESWW0070020_7\overlay\20230531_094604_ESWW0070020_7.png|C:\Users\datir\project1\data\processed\ts\ESWW0070020_7\overlay\20230531_164735_ESWW0070020_7.png|C:\Users\datir\project1\data\processed\ts\ESWW0070020_7\overlay\20230601_155955_ESWW0070020_7.png,C:\Users\datir\project1\data\processed\ts\ESWW0070020_7\overlay\20230602_105117_ESWW0070020_7.png,0.0067035471272697
ESWW0070020_7,C:\Users\datir\project1\data\processed\ts\ESWW0070020_7\overlay\20230531_164735_ESWW0070020_7.png|C:\Users\datir\project1\data\processed\ts\ESWW0070020_7\overlay\20230601_155955_ESWW0070020_7.png|C:\Users\datir\project1\data\processed\ts\ESWW0070020_7\overlay\20230602_105117_ESWW0070020_7.png,C:\Users\datir\project1\data\processed\ts\ESWW0070020_7\overlay\20230603_105356_ESWW0070020_7.png,0.0077244000032203
ESWW0070020_7,C:\Users\datir\project1\data\processed\ts\ESWW0070020_7\overlay\20230601_155955_ESWW0070020_7.png|C:\Users\datir\project1\data\processed\ts\ESWW0070020_7\overlay\20230602_105117_ESWW0070020_7.png|C:\Users\datir\project1\data\processed\ts\ESWW0070020_7\overlay\20230603_105356_ESWW0070020_7.png,C:\Users\datir\project1\data\processed\ts\ESWW0070020_7\overlay\20230604_132758_ESWW0070020_7.png,0.0086542248765165
ESWW0070020_7,C:\Users\datir\project1\data\processed\ts\ESWW0070020_7\overlay\20230602_105117_ESWW0070020_7.png|C:\Users\datir\project1\data\processed\ts\ESWW0070020_7\overlay\20230603_105356_ESWW0070020_7.png|C:\Users\datir\project1\data\processed\ts\ESWW0070020_7\overlay\20230604_132758_ESWW0070020_7.png,C:\Users\datir\project1\data\processed\ts\ESWW0070020_7\overlay\20230606_092530_ESWW0070020_7.png,0.01445911823473
ESWW0070020_7,C:\Users\datir\project1\data\processed\ts\ESWW0070020_7\overlay\20230603_105356_ESWW0070020_7.png|C:\Users\datir\project1\data\processed\ts\ESWW0070020_7\overlay\20230604_132758_ESWW0070020_7.png|C:\Users\datir\project1\data\processed\ts\ESWW0070020_7\overlay\20230606_092530_ESWW0070020_7.png,C:\Users\datir\project1\data\processed\ts\ESWW0070020_7\overlay\20230607_163355_ESWW0070020_7.png,0.0317183051237187
ESWW0070020_7,C:\Users\datir\project1\data\processed\ts\ESWW0070020_7\overlay\20230604_132758_ESWW0070020_7.png|C:\Users\datir\project1\data\processed\ts\ESWW0070020_7\overlay\20230606_092530_ESWW0070020_7.png|C:\Users\datir\project1\data\processed\ts\ESWW0070020_7\overlay\20230607_163355_ESWW0070020_7.png,C:\Users\datir\project1\data\processed\ts\ESWW0070020_7\overlay\20230608_163359_ESWW0070020_7.png,0.0692216246961597
ESWW0070020_9,C:\Users\datir\project1\data\processed\ts\ESWW0070020_9\overlay\20230525_173237_ESWW0070020_9.png|C:\Users\datir\project1\data\processed\ts\ESWW0070020_9\overlay\20230527_102555_ESWW0070020_9.png|C:\Users\datir\project1\data\processed\ts\ESWW0070020_9\overlay\20230527_165442_ESWW0070020_9.png,C:\Users\datir\project1\data\processed\ts\ESWW0070020_9\overlay\20230529_122111_ESWW0070020_9.png,0.0
ESWW0070020_9,C:\Users\datir\project1\data\processed\ts\ESWW0070020_9\overlay\20230527_102555_ESWW0070020_9.png|C:\Users\datir\project1\data\processed\ts\ESWW0070020_9\overlay\20230527_165442_ESWW0070020_9.png|C:\Users\datir\project1\data\processed\ts\ESWW0070020_9\overlay\20230529_122111_ESWW0070020_9.png,C:\Users\datir\project1\data\processed\ts\ESWW0070020_9\overlay\20230530_122124_ESWW0070020_9.png,0.0001074956965648
ESWW0070020_9,C:\Users\datir\project1\data\processed\ts\ESWW0070020_9\overlay\20230527_165442_ESWW0070020_9.png|C:\Users\datir\project1\data\processed\ts\ESWW0070020_9\overlay\20230529_122111_ESWW0070020_9.png|C:\Users\datir\project1\data\processed\ts\ESWW0070020_9\overlay\20230530_122124_ESWW0070020_9.png,C:\Users\datir\project1\data\processed\ts\ESWW0070020_9\overlay\20230531_164826_ESWW0070020_9.png,0.0018639298632611
ESWW0070020_9,C:\Users\datir\project1\data\processed\ts\ESWW0070020_9\overlay\20230529_122111_ESWW0070020_9.png|C:\Users\datir\project1\data\processed\ts\ESWW0070020_9\overlay\20230530_122124_ESWW0070020_9.png|C:\Users\datir\project1\data\processed\ts\ESWW0070020_9\overlay\20230531_164826_ESWW0070020_9.png,C:\Users\datir\project1\data\processed\ts\ESWW0070020_9\overlay\20230601_160035_ESWW0070020_9.png,0.0054898557249033
ESWW0070020_9,C:\Users\datir\project1\data\processed\ts\ESWW0070020_9\overlay\20230530_122124_ESWW0070020_9.png|C:\Users\datir\project1\data\processed\ts\ESWW0070020_9\overlay\20230531_164826_ESWW0070020_9.png|C:\Users\datir\project1\data\processed\ts\ESWW0070020_9\overlay\20230601_160035_ESWW0070020_9.png,C:\Users\datir\project1\data\processed\ts\ESWW0070020_9\overlay\20230602_105207_ESWW0070020_9.png,0.0067177595876782
ESWW0070020_9,C:\Users\datir\project1\data\processed\ts\ESWW0070020_9\overlay\20230531_164826_ESWW0070020_9.png|C:\Users\datir\project1\data\processed\ts\ESWW0070020_9\overlay\20230601_160035_ESWW0070020_9.png|C:\Users\datir\project1\data\processed\ts\ESWW0070020_9\overlay\20230602_105207_ESWW0070020_9.png,C:\Users\datir\project1\data\processed\ts\ESWW0070020_9\overlay\20230603_105455_ESWW0070020_9.png,0.0131673912917958
ESWW0070020_9,C:\Users\datir\project1\data\processed\ts\ESWW0070020_9\overlay\20230601_160035_ESWW0070020_9.png|C:\Users\datir\project1\data\processed\ts\ESWW0070020_9\overlay\20230602_105207_ESWW0070020_9.png|C:\Users\datir\project1\data\processed\ts\ESWW0070020_9\overlay\20230603_105455_ESWW0070020_9.png,C:\Users\datir\project1\data\processed\ts\ESWW0070020_9\overlay\20230604_132834_ESWW0070020_9.png,0.0203736810133741
ESWW0070020_9,C:\Users\datir\project1\data\processed\ts\ESWW0070020_9\overlay\20230602_105207_ESWW0070020_9.png|C:\Users\datir\project1\data\processed\ts\ESWW0070020_9\overlay\20230603_105455_ESWW0070020_9.png|C:\Users\datir\project1\data\processed\ts\ESWW0070020_9\overlay\20230604_132834_ESWW0070020_9.png,C:\Users\datir\project1\data\processed\ts\ESWW0070020_9\overlay\20230606_093508_ESWW0070020_9.png,0.0416666516125978
ESWW0070020_9,C:\Users\datir\project1\data\processed\ts\ESWW0070020_9\overlay\20230603_105455_ESWW0070020_9.png|C:\Users\datir\project1\data\processed\ts\ESWW0070020_9\overlay\20230604_132834_ESWW0070020_9.png|C:\Users\datir\project1\data\processed\ts\ESWW0070020_9\overlay\20230606_093508_ESWW0070020_9.png,C:\Users\datir\project1\data\processed\ts\ESWW0070020_9\overlay\20230608_163505_ESWW0070020_9.png,0.1168599545263072
ESWW0070023_1,C:\Users\datir\project1\data\processed\ts\ESWW0070023_1\overlay\20230525_173944_ESWW0070023_1.png|C:\Users\datir\project1\data\processed\ts\ESWW0070023_1\overlay\20230526_125818_ESWW0070023_1.png|C:\Users\datir\project1\data\processed\ts\ESWW0070023_1\overlay\20230527_103422_ESWW0070023_1.png,C:\Users\datir\project1\data\processed\ts\ESWW0070023_1\overlay\20230527_165759_ESWW0070023_1.png,8.55899154157661e-06
ESWW0070023_1,C:\Users\datir\project1\data\processed\ts\ESWW0070023_1\overlay\20230526_125818_ESWW0070023_1.png|C:\Users\datir\project1\data\processed\ts\ESWW0070023_1\overlay\20230527_103422_ESWW0070023_1.png|C:\Users\datir\project1\data\processed\ts\ESWW0070023_1\overlay\20230527_165759_ESWW0070023_1.png,C:\Users\datir\project1\data\processed\ts\ESWW0070023_1\overlay\20230529_122751_ESWW0070023_1.png,0.0
ESWW0070023_1,C:\Users\datir\project1\data\processed\ts\ESWW0070023_1\overlay\20230527_103422_ESWW0070023_1.png|C:\Users\datir\project1\data\processed\ts\ESWW0070023_1\overlay\20230527_165759_ESWW0070023_1.png|C:\Users\datir\project1\data\processed\ts\ESWW0070023_1\overlay\20230529_122751_ESWW0070023_1.png,C:\Users\datir\project1\data\processed\ts\ESWW0070023_1\overlay\20230530_122833_ESWW0070023_1.png,0.0
ESWW0070023_1,C:\Users\datir\project1\data\processed\ts\ESWW0070023_1\overlay\20230527_165759_ESWW0070023_1.png|C:\Users\datir\project1\data\processed\ts\ESWW0070023_1\overlay\20230529_122751_ESWW0070023_1.png|C:\Users\datir\project1\data\processed\ts\ESWW0070023_1\overlay\20230530_122833_ESWW0070023_1.png,C:\Users\datir\project1\data\processed\ts\ESWW0070023_1\overlay\20230531_094752_ESWW0070023_1.png,4.090697421100674e-05
ESWW0070023_1,C:\Users\datir\project1\data\processed\ts\ESWW0070023_1\overlay\20230529_122751_ESWW0070023_1.png|C:\Users\datir\project1\data\processed\ts\ESWW0070023_1\overlay\20230530_122833_ESWW0070023_1.png|C:\Users\datir\project1\data\processed\ts\ESWW0070023_1\overlay\20230531_094752_ESWW0070023_1.png,C:\Users\datir\project1\data\processed\ts\ESWW0070023_1\overlay\20230531_164942_ESWW0070023_1.png,4.826527928953509e-05
ESWW0070023_1,C:\Users\datir\project1\data\processed\ts\ESWW0070023_1\overlay\20230530_122833_ESWW0070023_1.png|C:\Users\datir\project1\data\processed\ts\ESWW0070023_1\overlay\20230531_094752_ESWW0070023_1.png|C:\Users\datir\project1\data\processed\ts\ESWW0070023_1\overlay\20230531_164942_ESWW0070023_1.png,C:\Users\datir\project1\data\processed\ts\ESWW0070023_1\overlay\20230601_160140_ESWW0070023_1.png,1.99723905477333e-05
ESWW0070023_1,C:\Users\datir\project1\data\processed\ts\ESWW0070023_1\overlay\20230531_094752_ESWW0070023_1.png|C:\Users\datir\project1\data\processed\ts\ESWW0070023_1\overlay\20230531_164942_ESWW0070023_1.png|C:\Users\datir\project1\data\processed\ts\ESWW0070023_1\overlay\20230601_160140_ESWW0070023_1.png,C:\Users\datir\project1\data\processed\ts\ESWW0070023_1\overlay\20230602_105313_ESWW0070023_1.png,1.5692275429867297e-05
ESWW0070023_1,C:\Users\datir\project1\data\processed\ts\ESWW0070023_1\overlay\20230531_164942_ESWW0070023_1.png|C:\Users\datir\project1\data\processed\ts\ESWW0070023_1\overlay\20230601_160140_ESWW0070023_1.png|C:\Users\datir\project1\data\processed\ts\ESWW0070023_1\overlay\20230602_105313_ESWW0070023_1.png,C:\Users\datir\project1\data\processed\ts\ESWW0070023_1\overlay\20230603_105653_ESWW0070023_1.png,4.137497113857976e-05
ESWW0070023_1,C:\Users\datir\project1\data\processed\ts\ESWW0070023_1\overlay\20230601_160140_ESWW0070023_1.png|C:\Users\datir\project1\data\processed\ts\ESWW0070023_1\overlay\20230602_105313_ESWW0070023_1.png|C:\Users\datir\project1\data\processed\ts\ESWW0070023_1\overlay\20230603_105653_ESWW0070023_1.png,C:\Users\datir\project1\data\processed\ts\ESWW0070023_1\overlay\20230604_132929_ESWW0070023_1.png,2.306310350435536e-05
ESWW0070023_1,C:\Users\datir\project1\data\processed\ts\ESWW0070023_1\overlay\20230602_105313_ESWW0070023_1.png|C:\Users\datir\project1\data\processed\ts\ESWW0070023_1\overlay\20230603_105653_ESWW0070023_1.png|C:\Users\datir\project1\data\processed\ts\ESWW0070023_1\overlay\20230604_132929_ESWW0070023_1.png,C:\Users\datir\project1\data\processed\ts\ESWW0070023_1\overlay\20230606_094325_ESWW0070023_1.png,6.583822669857139e-05
ESWW0070023_1,C:\Users\datir\project1\data\processed\ts\ESWW0070023_1\overlay\20230603_105653_ESWW0070023_1.png|C:\Users\datir\project1\data\processed\ts\ESWW0070023_1\overlay\20230604_132929_ESWW0070023_1.png|C:\Users\datir\project1\data\processed\ts\ESWW0070023_1\overlay\20230606_094325_ESWW0070023_1.png,C:\Users\datir\project1\data\processed\ts\ESWW0070023_1\overlay\20230606_122210_ESWW0070023_1.png,0.0
ESWW0070023_1,C:\Users\datir\project1\data\processed\ts\ESWW0070023_1\overlay\20230604_132929_ESWW0070023_1.png|C:\Users\datir\project1\data\processed\ts\ESWW0070023_1\overlay\20230606_094325_ESWW0070023_1.png|C:\Users\datir\project1\data\processed\ts\ESWW0070023_1\overlay\20230606_122210_ESWW0070023_1.png,C:\Users\datir\project1\data\processed\ts\ESWW0070023_1\overlay\20230607_161942_ESWW0070023_1.png,0.0001262696220257
ESWW0070023_1,C:\Users\datir\project1\data\processed\ts\ESWW0070023_1\overlay\20230606_094325_ESWW0070023_1.png|C:\Users\datir\project1\data\processed\ts\ESWW0070023_1\overlay\20230606_122210_ESWW0070023_1.png|C:\Users\datir\project1\data\processed\ts\ESWW0070023_1\overlay\20230607_161942_ESWW0070023_1.png,C:\Users\datir\project1\data\processed\ts\ESWW0070023_1\overlay\20230608_111439_ESWW0070023_1.png,0.0011073823189303
ESWW0070023_10,C:\Users\datir\project1\data\processed\ts\ESWW0070023_10\overlay\20230525_174111_ESWW0070023_10.png|C:\Users\datir\project1\data\processed\ts\ESWW0070023_10\overlay\20230526_130007_ESWW0070023_10.png|C:\Users\datir\project1\data\processed\ts\ESWW0070023_10\overlay\20230527_103934_ESWW0070023_10.png,C:\Users\datir\project1\data\processed\ts\ESWW0070023_10\overlay\20230527_170307_ESWW0070023_10.png,0.0
ESWW0070023_10,C:\Users\datir\project1\data\processed\ts\ESWW0070023_10\overlay\20230526_130007_ESWW0070023_10.png|C:\Users\datir\project1\data\processed\ts\ESWW0070023_10\overlay\20230527_103934_ESWW0070023_10.png|C:\Users\datir\project1\data\processed\ts\ESWW0070023_10\overlay\20230527_170307_ESWW0070023_10.png,C:\Users\datir\project1\data\processed\ts\ESWW0070023_10\overlay\20230529_123400_ESWW0070023_10.png,0.0
ESWW0070023_10,C:\Users\datir\project1\data\processed\ts\ESWW0070023_10\overlay\20230527_103934_ESWW0070023_10.png|C:\Users\datir\project1\data\processed\ts\ESWW0070023_10\overlay\20230527_170307_ESWW0070023_10.png|C:\Users\datir\project1\data\processed\ts\ESWW0070023_10\overlay\20230529_123400_ESWW0070023_10.png,C:\Users\datir\project1\data\processed\ts\ESWW0070023_10\overlay\20230530_123323_ESWW0070023_10.png,0.0
ESWW0070023_10,C:\Users\datir\project1\data\processed\ts\ESWW0070023_10\overlay\20230527_170307_ESWW0070023_10.png|C:\Users\datir\project1\data\processed\ts\ESWW0070023_10\overlay\20230529_123400_ESWW0070023_10.png|C:\Users\datir\project1\data\processed\ts\ESWW0070023_10\overlay\20230530_123323_ESWW0070023_10.png,C:\Users\datir\project1\data\processed\ts\ESWW0070023_10\overlay\20230531_095251_ESWW0070023_10.png,0.0
ESWW0070023_3,C:\Users\datir\project1\data\processed\ts\ESWW0070023_3\overlay\20230525_173651_ESWW0070023_3.png|C:\Users\datir\project1\data\processed\ts\ESWW0070023_3\overlay\20230527_103012_ESWW0070023_3.png|C:\Users\datir\project1\data\processed\ts\ESWW0070023_3\overlay\20230527_165908_ESWW0070023_3.png,C:\Users\datir\project1\data\processed\ts\ESWW0070023_3\overlay\20230529_122915_ESWW0070023_3.png,0.005692157126186
ESWW0070023_3,C:\Users\datir\project1\data\processed\ts\ESWW0070023_3\overlay\20230527_103012_ESWW0070023_3.png|C:\Users\datir\project1\data\processed\ts\ESWW0070023_3\overlay\20230527_165908_ESWW0070023_3.png|C:\Users\datir\project1\data\processed\ts\ESWW0070023_3\overlay\20230529_122915_ESWW0070023_3.png,C:\Users\datir\project1\data\processed\ts\ESWW0070023_3\overlay\20230530_122950_ESWW0070023_3.png,0.0090437882590238
ESWW0070023_3,C:\Users\datir\project1\data\processed\ts\ESWW0070023_3\overlay\20230527_165908_ESWW0070023_3.png|C:\Users\datir\project1\data\processed\ts\ESWW0070023_3\overlay\20230529_122915_ESWW0070023_3.png|C:\Users\datir\project1\data\processed\ts\ESWW0070023_3\overlay\20230530_122950_ESWW0070023_3.png,C:\Users\datir\project1\data\processed\ts\ESWW0070023_3\overlay\20230531_094850_ESWW0070023_3.png,0.0075310111819932
ESWW0070023_3,C:\Users\datir\project1\data\processed\ts\ESWW0070023_3\overlay\20230529_122915_ESWW0070023_3.png|C:\Users\datir\project1\data\processed\ts\ESWW0070023_3\overlay\20230530_122950_ESWW0070023_3.png|C:\Users\datir\project1\data\processed\ts\ESWW0070023_3\overlay\20230531_094850_ESWW0070023_3.png,C:\Users\datir\project1\data\processed\ts\ESWW0070023_3\overlay\20230531_165043_ESWW0070023_3.png,0.0182693294293667
ESWW0070023_3,C:\Users\datir\project1\data\processed\ts\ESWW0070023_3\overlay\20230530_122950_ESWW0070023_3.png|C:\Users\datir\project1\data\processed\ts\ESWW0070023_3\overlay\20230531_094850_ESWW0070023_3.png|C:\Users\datir\project1\data\processed\ts\ESWW0070023_3\overlay\20230531_165043_ESWW0070023_3.png,C:\Users\datir\project1\data\processed\ts\ESWW0070023_3\overlay\20230601_160229_ESWW0070023_3.png,0.0319469549877958
ESWW0070023_3,C:\Users\datir\project1\data\processed\ts\ESWW0070023_3\overlay\20230531_094850_ESWW0070023_3.png|C:\Users\datir\project1\data\processed\ts\ESWW0070023_3\overlay\20230531_165043_ESWW0070023_3.png|C:\Users\datir\project1\data\processed\ts\ESWW0070023_3\overlay\20230601_160229_ESWW0070023_3.png,C:\Users\datir\project1\data\processed\ts\ESWW0070023_3\overlay\20230602_105426_ESWW0070023_3.png,0.0564051262458694
ESWW0070023_3,C:\Users\datir\project1\data\processed\ts\ESWW0070023_3\overlay\20230531_165043_ESWW0070023_3.png|C:\Users\datir\project1\data\processed\ts\ESWW0070023_3\overlay\20230601_160229_ESWW0070023_3.png|C:\Users\datir\project1\data\processed\ts\ESWW0070023_3\overlay\20230602_105426_ESWW0070023_3.png,C:\Users\datir\project1\data\processed\ts\ESWW0070023_3\overlay\20230603_105838_ESWW0070023_3.png,0.0791072461281855
ESWW0070023_3,C:\Users\datir\project1\data\processed\ts\ESWW0070023_3\overlay\20230601_160229_ESWW0070023_3.png|C:\Users\datir\project1\data\processed\ts\ESWW0070023_3\overlay\20230602_105426_ESWW0070023_3.png|C:\Users\datir\project1\data\processed\ts\ESWW0070023_3\overlay\20230603_105838_ESWW0070023_3.png,C:\Users\datir\project1\data\processed\ts\ESWW0070023_3\overlay\20230604_133031_ESWW0070023_3.png,0.1039831911431182
ESWW0070023_3,C:\Users\datir\project1\data\processed\ts\ESWW0070023_3\overlay\20230602_105426_ESWW0070023_3.png|C:\Users\datir\project1\data\processed\ts\ESWW0070023_3\overlay\20230603_105838_ESWW0070023_3.png|C:\Users\datir\project1\data\processed\ts\ESWW0070023_3\overlay\20230604_133031_ESWW0070023_3.png,C:\Users\datir\project1\data\processed\ts\ESWW0070023_3\overlay\20230606_094629_ESWW0070023_3.png,0.1569754740271837
ESWW0070023_3,C:\Users\datir\project1\data\processed\ts\ESWW0070023_3\overlay\20230603_105838_ESWW0070023_3.png|C:\Users\datir\project1\data\processed\ts\ESWW0070023_3\overlay\20230604_133031_ESWW0070023_3.png|C:\Users\datir\project1\data\processed\ts\ESWW0070023_3\overlay\20230606_094629_ESWW0070023_3.png,C:\Users\datir\project1\data\processed\ts\ESWW0070023_3\overlay\20230606_122440_ESWW0070023_3.png,0.1520739380699979
ESWW0070023_3,C:\Users\datir\project1\data\processed\ts\ESWW0070023_3\overlay\20230604_133031_ESWW0070023_3.png|C:\Users\datir\project1\data\processed\ts\ESWW0070023_3\overlay\20230606_094629_ESWW0070023_3.png|C:\Users\datir\project1\data\processed\ts\ESWW0070023_3\overlay\20230606_122440_ESWW0070023_3.png,C:\Users\datir\project1\data\processed\ts\ESWW0070023_3\overlay\20230607_162125_ESWW0070023_3.png,0.1969623773701673
ESWW0070023_3,C:\Users\datir\project1\data\processed\ts\ESWW0070023_3\overlay\20230606_094629_ESWW0070023_3.png|C:\Users\datir\project1\data\processed\ts\ESWW0070023_3\overlay\20230606_122440_ESWW0070023_3.png|C:\Users\datir\project1\data\processed\ts\ESWW0070023_3\overlay\20230607_162125_ESWW0070023_3.png,C:\Users\datir\project1\data\processed\ts\ESWW0070023_3\overlay\20230608_111603_ESWW0070023_3.png,0.2418669149202123
ESWW0070023_6,C:\Users\datir\project1\data\processed\ts\ESWW0070023_6\overlay\20230525_173740_ESWW0070023_6.png|C:\Users\datir\project1\data\processed\ts\ESWW0070023_6\overlay\20230527_103708_ESWW0070023_6.png|C:\Users\datir\project1\data\processed\ts\ESWW0070023_6\overlay\20230527_170117_ESWW0070023_6.png,C:\Users\datir\project1\data\processed\ts\ESWW0070023_6\overlay\20230529_123117_ESWW0070023_6.png,0.0
ESWW0070023_6,C:\Users\datir\project1\data\processed\ts\ESWW0070023_6\overlay\20230527_103708_ESWW0070023_6.png|C:\Users\datir\project1\data\processed\ts\ESWW0070023_6\overlay\20230527_170117_ESWW0070023_6.png|C:\Users\datir\project1\data\processed\ts\ESWW0070023_6\overlay\20230529_123117_ESWW0070023_6.png,C:\Users\datir\project1\data\processed\ts\ESWW0070023_6\overlay\20230531_095035_ESWW0070023_6.png,1.097084580009967e-06
ESWW0070023_6,C:\Users\datir\project1\data\processed\ts\ESWW0070023_6\overlay\20230527_170117_ESWW0070023_6.png|C:\Users\datir\project1\data\processed\ts\ESWW0070023_6\overlay\20230529_123117_ESWW0070023_6.png|C:\Users\datir\project1\data\processed\ts\ESWW0070023_6\overlay\20230531_095035_ESWW0070023_6.png,C:\Users\datir\project1\data\processed\ts\ESWW0070023_6\overlay\20230531_165225_ESWW0070023_6.png,0.0006104696365402
ESWW0070023_6,C:\Users\datir\project1\data\processed\ts\ESWW0070023_6\overlay\20230529_123117_ESWW0070023_6.png|C:\Users\datir\project1\data\processed\ts\ESWW0070023_6\overlay\20230531_095035_ESWW0070023_6.png|C:\Users\datir\project1\data\processed\ts\ESWW0070023_6\overlay\20230531_165225_ESWW0070023_6.png,C:\Users\datir\project1\data\processed\ts\ESWW0070023_6\overlay\20230601_160331_ESWW0070023_6.png,0.001460355262613
ESWW0070023_6,C:\Users\datir\project1\data\processed\ts\ESWW0070023_6\overlay\20230531_095035_ESWW0070023_6.png|C:\Users\datir\project1\data\processed\ts\ESWW0070023_6\overlay\20230531_165225_ESWW0070023_6.png|C:\Users\datir\project1\data\processed\ts\ESWW0070023_6\overlay\20230601_160331_ESWW0070023_6.png,C:\Users\datir\project1\data\processed\ts\ESWW0070023_6\overlay\20230602_105543_ESWW0070023_6.png,0.0022959801424593
ESWW0070023_6,C:\Users\datir\project1\data\processed\ts\ESWW0070023_6\overlay\20230531_165225_ESWW0070023_6.png|C:\Users\datir\project1\data\processed\ts\ESWW0070023_6\overlay\20230601_160331_ESWW0070023_6.png|C:\Users\datir\project1\data\processed\ts\ESWW0070023_6\overlay\20230602_105543_ESWW0070023_6.png,C:\Users\datir\project1\data\processed\ts\ESWW0070023_6\overlay\20230603_105927_ESWW0070023_6.png,0.0036958886366207
ESWW0070023_6,C:\Users\datir\project1\data\processed\ts\ESWW0070023_6\overlay\20230601_160331_ESWW0070023_6.png|C:\Users\datir\project1\data\processed\ts\ESWW0070023_6\overlay\20230602_105543_ESWW0070023_6.png|C:\Users\datir\project1\data\processed\ts\ESWW0070023_6\overlay\20230603_105927_ESWW0070023_6.png,C:\Users\datir\project1\data\processed\ts\ESWW0070023_6\overlay\20230604_133143_ESWW0070023_6.png,0.0057119320367071
ESWW0070023_6,C:\Users\datir\project1\data\processed\ts\ESWW0070023_6\overlay\20230602_105543_ESWW0070023_6.png|C:\Users\datir\project1\data\processed\ts\ESWW0070023_6\overlay\20230603_105927_ESWW0070023_6.png|C:\Users\datir\project1\data\processed\ts\ESWW0070023_6\overlay\20230604_133143_ESWW0070023_6.png,C:\Users\datir\project1\data\processed\ts\ESWW0070023_6\overlay\20230606_095135_ESWW0070023_6.png,0.0109734179191247
ESWW0070023_6,C:\Users\datir\project1\data\processed\ts\ESWW0070023_6\overlay\20230603_105927_ESWW0070023_6.png|C:\Users\datir\project1\data\processed\ts\ESWW0070023_6\overlay\20230604_133143_ESWW0070023_6.png|C:\Users\datir\project1\data\processed\ts\ESWW0070023_6\overlay\20230606_095135_ESWW0070023_6.png,C:\Users\datir\project1\data\processed\ts\ESWW0070023_6\overlay\20230606_122818_ESWW0070023_6.png,0.0107454722816343
ESWW0070023_6,C:\Users\datir\project1\data\processed\ts\ESWW0070023_6\overlay\20230604_133143_ESWW0070023_6.png|C:\Users\datir\project1\data\processed\ts\ESWW0070023_6\overlay\20230606_095135_ESWW0070023_6.png|C:\Users\datir\project1\data\processed\ts\ESWW0070023_6\overlay\20230606_122818_ESWW0070023_6.png,C:\Users\datir\project1\data\processed\ts\ESWW0070023_6\overlay\20230607_162518_ESWW0070023_6.png,0.0132915464841622
ESWW0070023_6,C:\Users\datir\project1\data\processed\ts\ESWW0070023_6\overlay\20230606_095135_ESWW0070023_6.png|C:\Users\datir\project1\data\processed\ts\ESWW0070023_6\overlay\20230606_122818_ESWW0070023_6.png|C:\Users\datir\project1\data\processed\ts\ESWW0070023_6\overlay\20230607_162518_ESWW0070023_6.png,C:\Users\datir\project1\data\processed\ts\ESWW0070023_6\overlay\20230608_111807_ESWW0070023_6.png,0.0188521580211349
ESWW0070023_7,C:\Users\datir\project1\data\processed\ts\ESWW0070023_7\overlay\20230525_173526_ESWW0070023_7.png|C:\Users\datir\project1\data\processed\ts\ESWW0070023_7\overlay\20230526_104955_ESWW0070023_7.png|C:\Users\datir\project1\data\processed\ts\ESWW0070023_7\overlay\20230526_112450_ESWW0070023_7.png,C:\Users\datir\project1\data\processed\ts\ESWW0070023_7\overlay\20230527_103746_ESWW0070023_7.png,0.0008667310584943
ESWW0070023_7,C:\Users\datir\project1\data\processed\ts\ESWW0070023_7\overlay\20230526_104955_ESWW0070023_7.png|C:\Users\datir\project1\data\processed\ts\ESWW0070023_7\overlay\20230526_112450_ESWW0070023_7.png|C:\Users\datir\project1\data\processed\ts\ESWW0070023_7\overlay\20230527_103746_ESWW0070023_7.png,C:\Users\datir\project1\data\processed\ts\ESWW0070023_7\overlay\20230527_170146_ESWW0070023_7.png,0.0007720327450066
ESWW0070023_7,C:\Users\datir\project1\data\processed\ts\ESWW0070023_7\overlay\20230526_112450_ESWW0070023_7.png|C:\Users\datir\project1\data\processed\ts\ESWW0070023_7\overlay\20230527_103746_ESWW0070023_7.png|C:\Users\datir\project1\data\processed\ts\ESWW0070023_7\overlay\20230527_170146_ESWW0070023_7.png,C:\Users\datir\project1\data\processed\ts\ESWW0070023_7\overlay\20230529_123227_ESWW0070023_7.png,0.0005023109252995
ESWW0070023_7,C:\Users\datir\project1\data\processed\ts\ESWW0070023_7\overlay\20230527_103746_ESWW0070023_7.png|C:\Users\datir\project1\data\processed\ts\ESWW0070023_7\overlay\20230527_170146_ESWW0070023_7.png|C:\Users\datir\project1\data\processed\ts\ESWW0070023_7\overlay\20230529_123227_ESWW0070023_7.png,C:\Users\datir\project1\data\processed\ts\ESWW0070023_7\overlay\20230530_123204_ESWW0070023_7.png,0.0007956791377159
ESWW0070023_7,C:\Users\datir\project1\data\processed\ts\ESWW0070023_7\overlay\20230527_170146_ESWW0070023_7.png|C:\Users\datir\project1\data\processed\ts\ESWW0070023_7\overlay\20230529_123227_ESWW0070023_7.png|C:\Users\datir\project1\data\processed\ts\ESWW0070023_7\overlay\20230530_123204_ESWW0070023_7.png,C:\Users\datir\project1\data\processed\ts\ESWW0070023_7\overlay\20230531_095057_ESWW0070023_7.png,0.0009611396180078
ESWW0070023_7,C:\Users\datir\project1\data\processed\ts\ESWW0070023_7\overlay\20230529_123227_ESWW0070023_7.png|C:\Users\datir\project1\data\processed\ts\ESWW0070023_7\overlay\20230530_123204_ESWW0070023_7.png|C:\Users\datir\project1\data\processed\ts\ESWW0070023_7\overlay\20230531_095057_ESWW0070023_7.png,C:\Users\datir\project1\data\processed\ts\ESWW0070023_7\overlay\20230531_165301_ESWW0070023_7.png,0.0007941661489014
ESWW0070023_7,C:\Users\datir\project1\data\processed\ts\ESWW0070023_7\overlay\20230530_123204_ESWW0070023_7.png|C:\Users\datir\project1\data\processed\ts\ESWW0070023_7\overlay\20230531_095057_ESWW0070023_7.png|C:\Users\datir\project1\data\processed\ts\ESWW0070023_7\overlay\20230531_165301_ESWW0070023_7.png,C:\Users\datir\project1\data\processed\ts\ESWW0070023_7\overlay\20230601_160405_ESWW0070023_7.png,0.0015139053323547
ESWW0070023_7,C:\Users\datir\project1\data\processed\ts\ESWW0070023_7\overlay\20230531_095057_ESWW0070023_7.png|C:\Users\datir\project1\data\processed\ts\ESWW0070023_7\overlay\20230531_165301_ESWW0070023_7.png|C:\Users\datir\project1\data\processed\ts\ESWW0070023_7\overlay\20230601_160405_ESWW0070023_7.png,C:\Users\datir\project1\data\processed\ts\ESWW0070023_7\overlay\20230602_105612_ESWW0070023_7.png,0.0051099998721332
ESWW0070023_7,C:\Users\datir\project1\data\processed\ts\ESWW0070023_7\overlay\20230531_165301_ESWW0070023_7.png|C:\Users\datir\project1\data\processed\ts\ESWW0070023_7\overlay\20230601_160405_ESWW0070023_7.png|C:\Users\datir\project1\data\processed\ts\ESWW0070023_7\overlay\20230602_105612_ESWW0070023_7.png,C:\Users\datir\project1\data\processed\ts\ESWW0070023_7\overlay\20230604_133203_ESWW0070023_7.png,0.0085697221509847
ESWW0070023_7,C:\Users\datir\project1\data\processed\ts\ESWW0070023_7\overlay\20230601_160405_ESWW0070023_7.png|C:\Users\datir\project1\data\processed\ts\ESWW0070023_7\overlay\20230602_105612_ESWW0070023_7.png|C:\Users\datir\project1\data\processed\ts\ESWW0070023_7\overlay\20230604_133203_ESWW0070023_7.png,C:\Users\datir\project1\data\processed\ts\ESWW0070023_7\overlay\20230606_095341_ESWW0070023_7.png,0.0122942314992751
ESWW0070023_7,C:\Users\datir\project1\data\processed\ts\ESWW0070023_7\overlay\20230602_105612_ESWW0070023_7.png|C:\Users\datir\project1\data\processed\ts\ESWW0070023_7\overlay\20230604_133203_ESWW0070023_7.png|C:\Users\datir\project1\data\processed\ts\ESWW0070023_7\overlay\20230606_095341_ESWW0070023_7.png,C:\Users\datir\project1\data\processed\ts\ESWW0070023_7\overlay\20230606_123048_ESWW0070023_7.png,0.0133176104030984
ESWW0070023_7,C:\Users\datir\project1\data\processed\ts\ESWW0070023_7\overlay\20230604_133203_ESWW0070023_7.png|C:\Users\datir\project1\data\processed\ts\ESWW0070023_7\overlay\20230606_095341_ESWW0070023_7.png|C:\Users\datir\project1\data\processed\ts\ESWW0070023_7\overlay\20230606_123048_ESWW0070023_7.png,C:\Users\datir\project1\data\processed\ts\ESWW0070023_7\overlay\20230607_162610_ESWW0070023_7.png,0.0136570274148701
ESWW0070023_7,C:\Users\datir\project1\data\processed\ts\ESWW0070023_7\overlay\20230606_095341_ESWW0070023_7.png|C:\Users\datir\project1\data\processed\ts\ESWW0070023_7\overlay\20230606_123048_ESWW0070023_7.png|C:\Users\datir\project1\data\processed\ts\ESWW0070023_7\overlay\20230607_162610_ESWW0070023_7.png,C:\Users\datir\project1\data\processed\ts\ESWW0070023_7\overlay\20230608_111902_ESWW0070023_7.png,0.0151254556793433
ESWW0070025_1,C:\Users\datir\project1\data\processed\ts\ESWW0070025_1\overlay\20230525_174554_ESWW0070025_1.png|C:\Users\datir\project1\data\processed\ts\ESWW0070025_1\overlay\20230527_104129_ESWW0070025_1.png|C:\Users\datir\project1\data\processed\ts\ESWW0070025_1\overlay\20230527_170344_ESWW0070025_1.png,C:\Users\datir\project1\data\processed\ts\ESWW0070025_1\overlay\20230529_123440_ESWW0070025_1.png,0.0003901898667368
ESWW0070025_1,C:\Users\datir\project1\data\processed\ts\ESWW0070025_1\overlay\20230527_104129_ESWW0070025_1.png|C:\Users\datir\project1\data\processed\ts\ESWW0070025_1\overlay\20230527_170344_ESWW0070025_1.png|C:\Users\datir\project1\data\processed\ts\ESWW0070025_1\overlay\20230529_123440_ESWW0070025_1.png,C:\Users\datir\project1\data\processed\ts\ESWW0070025_1\overlay\20230530_123402_ESWW0070025_1.png,0.0001045639299148
ESWW0070025_1,C:\Users\datir\project1\data\processed\ts\ESWW0070025_1\overlay\20230527_170344_ESWW0070025_1.png|C:\Users\datir\project1\data\processed\ts\ESWW0070025_1\overlay\20230529_123440_ESWW0070025_1.png|C:\Users\datir\project1\data\processed\ts\ESWW0070025_1\overlay\20230530_123402_ESWW0070025_1.png,C:\Users\datir\project1\data\processed\ts\ESWW0070025_1\overlay\20230531_095323_ESWW0070025_1.png,7.227572668151589e-05
ESWW0070025_1,C:\Users\datir\project1\data\processed\ts\ESWW0070025_1\overlay\20230529_123440_ESWW0070025_1.png|C:\Users\datir\project1\data\processed\ts\ESWW0070025_1\overlay\20230530_123402_ESWW0070025_1.png|C:\Users\datir\project1\data\processed\ts\ESWW0070025_1\overlay\20230531_095323_ESWW0070025_1.png,C:\Users\datir\project1\data\processed\ts\ESWW0070025_1\overlay\20230531_165457_ESWW0070025_1.png,0.001039926780412
ESWW0070025_1,C:\Users\datir\project1\data\processed\ts\ESWW0070025_1\overlay\20230530_123402_ESWW0070025_1.png|C:\Users\datir\project1\data\processed\ts\ESWW0070025_1\overlay\20230531_095323_ESWW0070025_1.png|C:\Users\datir\project1\data\processed\ts\ESWW0070025_1\overlay\20230531_165457_ESWW0070025_1.png,C:\Users\datir\project1\data\processed\ts\ESWW0070025_1\overlay\20230601_160552_ESWW0070025_1.png,0.0006793390515383
ESWW0070025_1,C:\Users\datir\project1\data\processed\ts\ESWW0070025_1\overlay\20230531_095323_ESWW0070025_1.png|C:\Users\datir\project1\data\processed\ts\ESWW0070025_1\overlay\20230531_165457_ESWW0070025_1.png|C:\Users\datir\project1\data\processed\ts\ESWW0070025_1\overlay\20230601_160552_ESWW0070025_1.png,C:\Users\datir\project1\data\processed\ts\ESWW0070025_1\overlay\20230602_105753_ESWW0070025_1.png,0.0024491717994296
ESWW0070025_1,C:\Users\datir\project1\data\processed\ts\ESWW0070025_1\overlay\20230531_165457_ESWW0070025_1.png|C:\Users\datir\project1\data\processed\ts\ESWW0070025_1\overlay\20230601_160552_ESWW0070025_1.png|C:\Users\datir\project1\data\processed\ts\ESWW0070025_1\overlay\20230602_105753_ESWW0070025_1.png,C:\Users\datir\project1\data\processed\ts\ESWW0070025_1\overlay\20230603_110041_ESWW0070025_1.png,0.0028044647576407
ESWW0070025_1,C:\Users\datir\project1\data\processed\ts\ESWW0070025_1\overlay\20230601_160552_ESWW0070025_1.png|C:\Users\datir\project1\data\processed\ts\ESWW0070025_1\overlay\20230602_105753_ESWW0070025_1.png|C:\Users\datir\project1\data\processed\ts\ESWW0070025_1\overlay\20230603_110041_ESWW0070025_1.png,C:\Users\datir\project1\data\processed\ts\ESWW0070025_1\overlay\20230604_133316_ESWW0070025_1.png,0.0031153514574941
ESWW0070025_1,C:\Users\datir\project1\data\processed\ts\ESWW0070025_1\overlay\20230602_105753_ESWW0070025_1.png|C:\Users\datir\project1\data\processed\ts\ESWW0070025_1\overlay\20230603_110041_ESWW0070025_1.png|C:\Users\datir\project1\data\processed\ts\ESWW0070025_1\overlay\20230604_133316_ESWW0070025_1.png,C:\Users\datir\project1\data\processed\ts\ESWW0070025_1\overlay\20230606_100238_ESWW0070025_1.png,0.0066955653739077
ESWW0070025_1,C:\Users\datir\project1\data\processed\ts\ESWW0070025_1\overlay\20230603_110041_ESWW0070025_1.png|C:\Users\datir\project1\data\processed\ts\ESWW0070025_1\overlay\20230604_133316_ESWW0070025_1.png|C:\Users\datir\project1\data\processed\ts\ESWW0070025_1\overlay\20230606_100238_ESWW0070025_1.png,C:\Users\datir\project1\data\processed\ts\ESWW0070025_1\overlay\20230606_120259_ESWW0070025_1.png,0.0047428867878961
ESWW0070025_1,C:\Users\datir\project1\data\processed\ts\ESWW0070025_1\overlay\20230604_133316_ESWW0070025_1.png|C:\Users\datir\project1\data\processed\ts\ESWW0070025_1\overlay\20230606_100238_ESWW0070025_1.png|C:\Users\datir\project1\data\processed\ts\ESWW0070025_1\overlay\20230606_120259_ESWW0070025_1.png,C:\Users\datir\project1\data\processed\ts\ESWW0070025_1\overlay\20230607_161202_ESWW0070025_1.png,0.004997154808473
ESWW0070025_1,C:\Users\datir\project1\data\processed\ts\ESWW0070025_1\overlay\20230606_100238_ESWW0070025_1.png|C:\Users\datir\project1\data\processed\ts\ESWW0070025_1\overlay\20230606_120259_ESWW0070025_1.png|C:\Users\datir\project1\data\processed\ts\ESWW0070025_1\overlay\20230607_161202_ESWW0070025_1.png,C:\Users\datir\project1\data\processed\ts\ESWW0070025_1\overlay\20230608_110858_ESWW0070025_1.png,0.0060617610862071
ESWW0070025_10,C:\Users\datir\project1\data\processed\ts\ESWW0070025_10\overlay\20230525_175357_ESWW0070025_10.png|C:\Users\datir\project1\data\processed\ts\ESWW0070025_10\overlay\20230526_130657_ESWW0070025_10.png|C:\Users\datir\project1\data\processed\ts\ESWW0070025_10\overlay\20230527_104735_ESWW0070025_10.png,C:\Users\datir\project1\data\processed\ts\ESWW0070025_10\overlay\20230527_170823_ESWW0070025_10.png,0.0
ESWW0070025_10,C:\Users\datir\project1\data\processed\ts\ESWW0070025_10\overlay\20230526_130657_ESWW0070025_10.png|C:\Users\datir\project1\data\processed\ts\ESWW0070025_10\overlay\20230527_104735_ESWW0070025_10.png|C:\Users\datir\project1\data\processed\ts\ESWW0070025_10\overlay\20230527_170823_ESWW0070025_10.png,C:\Users\datir\project1\data\processed\ts\ESWW0070025_10\overlay\20230529_123850_ESWW0070025_10.png,0.0
ESWW0070025_10,C:\Users\datir\project1\data\processed\ts\ESWW0070025_10\overlay\20230527_104735_ESWW0070025_10.png|C:\Users\datir\project1\data\processed\ts\ESWW0070025_10\overlay\20230527_170823_ESWW0070025_10.png|C:\Users\datir\project1\data\processed\ts\ESWW0070025_10\overlay\20230529_123850_ESWW0070025_10.png,C:\Users\datir\project1\data\processed\ts\ESWW0070025_10\overlay\20230530_123750_ESWW0070025_10.png,0.0
ESWW0070025_10,C:\Users\datir\project1\data\processed\ts\ESWW0070025_10\overlay\20230527_170823_ESWW0070025_10.png|C:\Users\datir\project1\data\processed\ts\ESWW0070025_10\overlay\20230529_123850_ESWW0070025_10.png|C:\Users\datir\project1\data\processed\ts\ESWW0070025_10\overlay\20230530_123750_ESWW0070025_10.png,C:\Users\datir\project1\data\processed\ts\ESWW0070025_10\overlay\20230531_095825_ESWW0070025_10.png,0.0
ESWW0070025_10,C:\Users\datir\project1\data\processed\ts\ESWW0070025_10\overlay\20230529_123850_ESWW0070025_10.png|C:\Users\datir\project1\data\processed\ts\ESWW0070025_10\overlay\20230530_123750_ESWW0070025_10.png|C:\Users\datir\project1\data\processed\ts\ESWW0070025_10\overlay\20230531_095825_ESWW0070025_10.png,C:\Users\datir\project1\data\processed\ts\ESWW0070025_10\overlay\20230531_165906_ESWW0070025_10.png,0.0
ESWW0070025_10,C:\Users\datir\project1\data\processed\ts\ESWW0070025_10\overlay\20230530_123750_ESWW0070025_10.png|C:\Users\datir\project1\data\processed\ts\ESWW0070025_10\overlay\20230531_095825_ESWW0070025_10.png|C:\Users\datir\project1\data\processed\ts\ESWW0070025_10\overlay\20230531_165906_ESWW0070025_10.png,C:\Users\datir\project1\data\processed\ts\ESWW0070025_10\overlay\20230601_160925_ESWW0070025_10.png,0.0
ESWW0070025_10,C:\Users\datir\project1\data\processed\ts\ESWW0070025_10\overlay\20230531_095825_ESWW0070025_10.png|C:\Users\datir\project1\data\processed\ts\ESWW0070025_10\overlay\20230531_165906_ESWW0070025_10.png|C:\Users\datir\project1\data\processed\ts\ESWW0070025_10\overlay\20230601_160925_ESWW0070025_10.png,C:\Users\datir\project1\data\processed\ts\ESWW0070025_10\overlay\20230602_110159_ESWW0070025_10.png,0.0
ESWW0070025_10,C:\Users\datir\project1\data\processed\ts\ESWW0070025_10\overlay\20230531_165906_ESWW0070025_10.png|C:\Users\datir\project1\data\processed\ts\ESWW0070025_10\overlay\20230601_160925_ESWW0070025_10.png|C:\Users\datir\project1\data\processed\ts\ESWW0070025_10\overlay\20230602_110159_ESWW0070025_10.png,C:\Users\datir\project1\data\processed\ts\ESWW0070025_10\overlay\20230603_110250_ESWW0070025_10.png,0.0
ESWW0070025_10,C:\Users\datir\project1\data\processed\ts\ESWW0070025_10\overlay\20230601_160925_ESWW0070025_10.png|C:\Users\datir\project1\data\processed\ts\ESWW0070025_10\overlay\20230602_110159_ESWW0070025_10.png|C:\Users\datir\project1\data\processed\ts\ESWW0070025_10\overlay\20230603_110250_ESWW0070025_10.png,C:\Users\datir\project1\data\processed\ts\ESWW0070025_10\overlay\20230604_133614_ESWW0070025_10.png,2.415863526258826e-06
ESWW0070025_10,C:\Users\datir\project1\data\processed\ts\ESWW0070025_10\overlay\20230602_110159_ESWW0070025_10.png|C:\Users\datir\project1\data\processed\ts\ESWW0070025_10\overlay\20230603_110250_ESWW0070025_10.png|C:\Users\datir\project1\data\processed\ts\ESWW0070025_10\overlay\20230604_133614_ESWW0070025_10.png,C:\Users\datir\project1\data\processed\ts\ESWW0070025_10\overlay\20230606_101925_ESWW0070025_10.png,9.924701025087496e-06
ESWW0070025_10,C:\Users\datir\project1\data\processed\ts\ESWW0070025_10\overlay\20230603_110250_ESWW0070025_10.png|C:\Users\datir\project1\data\processed\ts\ESWW0070025_10\overlay\20230604_133614_ESWW0070025_10.png|C:\Users\datir\project1\data\processed\ts\ESWW0070025_10\overlay\20230606_101925_ESWW0070025_10.png,C:\Users\datir\project1\data\processed\ts\ESWW0070025_10\overlay\20230606_121913_ESWW0070025_10.png,0.0
ESWW0070025_10,C:\Users\datir\project1\data\processed\ts\ESWW0070025_10\overlay\20230604_133614_ESWW0070025_10.png|C:\Users\datir\project1\data\processed\ts\ESWW0070025_10\overlay\20230606_101925_ESWW0070025_10.png|C:\Users\datir\project1\data\processed\ts\ESWW0070025_10\overlay\20230606_121913_ESWW0070025_10.png,C:\Users\datir\project1\data\processed\ts\ESWW0070025_10\overlay\20230607_161808_ESWW0070025_10.png,0.0003384301667318
ESWW0070025_10,C:\Users\datir\project1\data\processed\ts\ESWW0070025_10\overlay\20230606_101925_ESWW0070025_10.png|C:\Users\datir\project1\data\processed\ts\ESWW0070025_10\overlay\20230606_121913_ESWW0070025_10.png|C:\Users\datir\project1\data\processed\ts\ESWW0070025_10\overlay\20230607_161808_ESWW0070025_10.png,C:\Users\datir\project1\data\processed\ts\ESWW0070025_10\overlay\20230608_111333_ESWW0070025_10.png,0.001541807688388
ESWW0070025_2,C:\Users\datir\project1\data\processed\ts\ESWW0070025_2\overlay\20230525_174643_ESWW0070025_2.png|C:\Users\datir\project1\data\processed\ts\ESWW0070025_2\overlay\20230526_130101_ESWW0070025_2.png|C:\Users\datir\project1\data\processed\ts\ESWW0070025_2\overlay\20230526_130143_ESWW0070025_2.png,C:\Users\datir\project1\data\processed\ts\ESWW0070025_2\overlay\20230527_104204_ESWW0070025_2.png,0.0
ESWW0070025_2,C:\Users\datir\project1\data\processed\ts\ESWW0070025_2\overlay\20230526_130101_ESWW0070025_2.png|C:\Users\datir\project1\data\processed\ts\ESWW0070025_2\overlay\20230526_130143_ESWW0070025_2.png|C:\Users\datir\project1\data\processed\ts\ESWW0070025_2\overlay\20230527_104204_ESWW0070025_2.png,C:\Users\datir\project1\data\processed\ts\ESWW0070025_2\overlay\20230527_170418_ESWW0070025_2.png,0.0001392211055508
ESWW0070025_2,C:\Users\datir\project1\data\processed\ts\ESWW0070025_2\overlay\20230526_130143_ESWW0070025_2.png|C:\Users\datir\project1\data\processed\ts\ESWW0070025_2\overlay\20230527_104204_ESWW0070025_2.png|C:\Users\datir\project1\data\processed\ts\ESWW0070025_2\overlay\20230527_170418_ESWW0070025_2.png,C:\Users\datir\project1\data\processed\ts\ESWW0070025_2\overlay\20230529_123505_ESWW0070025_2.png,0.0004437581149499
ESWW0070025_2,C:\Users\datir\project1\data\processed\ts\ESWW0070025_2\overlay\20230527_104204_ESWW0070025_2.png|C:\Users\datir\project1\data\processed\ts\ESWW0070025_2\overlay\20230527_170418_ESWW0070025_2.png|C:\Users\datir\project1\data\processed\ts\ESWW0070025_2\overlay\20230529_123505_ESWW0070025_2.png,C:\Users\datir\project1\data\processed\ts\ESWW0070025_2\overlay\20230530_123424_ESWW0070025_2.png,0.0004803772205921
ESWW0070025_2,C:\Users\datir\project1\data\processed\ts\ESWW0070025_2\overlay\20230527_170418_ESWW0070025_2.png|C:\Users\datir\project1\data\processed\ts\ESWW0070025_2\overlay\20230529_123505_ESWW0070025_2.png|C:\Users\datir\project1\data\processed\ts\ESWW0070025_2\overlay\20230530_123424_ESWW0070025_2.png,C:\Users\datir\project1\data\processed\ts\ESWW0070025_2\overlay\20230531_095349_ESWW0070025_2.png,0.0008420527278666
ESWW0070025_2,C:\Users\datir\project1\data\processed\ts\ESWW0070025_2\overlay\20230529_123505_ESWW0070025_2.png|C:\Users\datir\project1\data\processed\ts\ESWW0070025_2\overlay\20230530_123424_ESWW0070025_2.png|C:\Users\datir\project1\data\processed\ts\ESWW0070025_2\overlay\20230531_095349_ESWW0070025_2.png,C:\Users\datir\project1\data\processed\ts\ESWW0070025_2\overlay\20230531_165532_ESWW0070025_2.png,0.0027065608054223
ESWW0070025_2,C:\Users\datir\project1\data\processed\ts\ESWW0070025_2\overlay\20230530_123424_ESWW0070025_2.png|C:\Users\datir\project1\data\processed\ts\ESWW0070025_2\overlay\20230531_095349_ESWW0070025_2.png|C:\Users\datir\project1\data\processed\ts\ESWW0070025_2\overlay\20230531_165532_ESWW0070025_2.png,C:\Users\datir\project1\data\processed\ts\ESWW0070025_2\overlay\20230601_160608_ESWW0070025_2.png,0.0006300362562815
ESWW0070025_2,C:\Users\datir\project1\data\processed\ts\ESWW0070025_2\overlay\20230531_095349_ESWW0070025_2.png|C:\Users\datir\project1\data\processed\ts\ESWW0070025_2\overlay\20230531_165532_ESWW0070025_2.png|C:\Users\datir\project1\data\processed\ts\ESWW0070025_2\overlay\20230601_160608_ESWW0070025_2.png,C:\Users\datir\project1\data\processed\ts\ESWW0070025_2\overlay\20230602_105814_ESWW0070025_2.png,0.0018024696138658
ESWW0070025_2,C:\Users\datir\project1\data\processed\ts\ESWW0070025_2\overlay\20230531_165532_ESWW0070025_2.png|C:\Users\datir\project1\data\processed\ts\ESWW0070025_2\overlay\20230601_160608_ESWW0070025_2.png|C:\Users\datir\project1\data\processed\ts\ESWW0070025_2\overlay\20230602_105814_ESWW0070025_2.png,C:\Users\datir\project1\data\processed\ts\ESWW0070025_2\overlay\20230603_110058_ESWW0070025_2.png,0.0017489464372476
ESWW0070025_2,C:\Users\datir\project1\data\processed\ts\ESWW0070025_2\overlay\20230601_160608_ESWW0070025_2.png|C:\Users\datir\project1\data\processed\ts\ESWW0070025_2\overlay\20230602_105814_ESWW0070025_2.png|C:\Users\datir\project1\data\processed\ts\ESWW0070025_2\overlay\20230603_110058_ESWW0070025_2.png,C:\Users\datir\project1\data\processed\ts\ESWW0070025_2\overlay\20230604_133332_ESWW0070025_2.png,0.0029137260470511
ESWW0070025_2,C:\Users\datir\project1\data\processed\ts\ESWW0070025_2\overlay\20230602_105814_ESWW0070025_2.png|C:\Users\datir\project1\data\processed\ts\ESWW0070025_2\overlay\20230603_110058_ESWW0070025_2.png|C:\Users\datir\project1\data\processed\ts\ESWW0070025_2\overlay\20230604_133332_ESWW0070025_2.png,C:\Users\datir\project1\data\processed\ts\ESWW0070025_2\overlay\20230606_100343_ESWW0070025_2.png,0.0086607070134268
ESWW0070025_2,C:\Users\datir\project1\data\processed\ts\ESWW0070025_2\overlay\20230603_110058_ESWW0070025_2.png|C:\Users\datir\project1\data\processed\ts\ESWW0070025_2\overlay\20230604_133332_ESWW0070025_2.png|C:\Users\datir\project1\data\processed\ts\ESWW0070025_2\overlay\20230606_100343_ESWW0070025_2.png,C:\Users\datir\project1\data\processed\ts\ESWW0070025_2\overlay\20230606_120410_ESWW0070025_2.png,0.0057835655773977
ESWW0070025_2,C:\Users\datir\project1\data\processed\ts\ESWW0070025_2\overlay\20230604_133332_ESWW0070025_2.png|C:\Users\datir\project1\data\processed\ts\ESWW0070025_2\overlay\20230606_100343_ESWW0070025_2.png|C:\Users\datir\project1\data\processed\ts\ESWW0070025_2\overlay\20230606_120410_ESWW0070025_2.png,C:\Users\datir\project1\data\processed\ts\ESWW0070025_2\overlay\20230607_161238_ESWW0070025_2.png,0.0055439946818956
ESWW0070025_2,C:\Users\datir\project1\data\processed\ts\ESWW0070025_2\overlay\20230606_100343_ESWW0070025_2.png|C:\Users\datir\project1\data\processed\ts\ESWW0070025_2\overlay\20230606_120410_ESWW0070025_2.png|C:\Users\datir\project1\data\processed\ts\ESWW0070025_2\overlay\20230607_161238_ESWW0070025_2.png,C:\Users\datir\project1\data\processed\ts\ESWW0070025_2\overlay\20230608_110925_ESWW0070025_2.png,0.00887499681159
ESWW0070025_3,C:\Users\datir\project1\data\processed\ts\ESWW0070025_3\overlay\20230525_174736_ESWW0070025_3.png|C:\Users\datir\project1\data\processed\ts\ESWW0070025_3\overlay\20230527_104242_ESWW0070025_3.png|C:\Users\datir\project1\data\processed\ts\ESWW0070025_3\overlay\20230527_170447_ESWW0070025_3.png,C:\Users\datir\project1\data\processed\ts\ESWW0070025_3\overlay\20230529_123528_ESWW0070025_3.png,0.0021708820327476
ESWW0070025_3,C:\Users\datir\project1\data\processed\ts\ESWW0070025_3\overlay\20230527_104242_ESWW0070025_3.png|C:\Users\datir\project1\data\processed\ts\ESWW0070025_3\overlay\20230527_170447_ESWW0070025_3.png|C:\Users\datir\project1\data\processed\ts\ESWW0070025_3\overlay\20230529_123528_ESWW0070025_3.png,C:\Users\datir\project1\data\processed\ts\ESWW0070025_3\overlay\20230530_123446_ESWW0070025_3.png,0.000871546019694
ESWW0070025_3,C:\Users\datir\project1\data\processed\ts\ESWW0070025_3\overlay\20230527_170447_ESWW0070025_3.png|C:\Users\datir\project1\data\processed\ts\ESWW0070025_3\overlay\20230529_123528_ESWW0070025_3.png|C:\Users\datir\project1\data\processed\ts\ESWW0070025_3\overlay\20230530_123446_ESWW0070025_3.png,C:\Users\datir\project1\data\processed\ts\ESWW0070025_3\overlay\20230531_095415_ESWW0070025_3.png,0.0012611571116499
ESWW0070025_3,C:\Users\datir\project1\data\processed\ts\ESWW0070025_3\overlay\20230529_123528_ESWW0070025_3.png|C:\Users\datir\project1\data\processed\ts\ESWW0070025_3\overlay\20230530_123446_ESWW0070025_3.png|C:\Users\datir\project1\data\processed\ts\ESWW0070025_3\overlay\20230531_095415_ESWW0070025_3.png,C:\Users\datir\project1\data\processed\ts\ESWW0070025_3\overlay\20230531_165606_ESWW0070025_3.png,0.0020872422211624
ESWW0070025_3,C:\Users\datir\project1\data\processed\ts\ESWW0070025_3\overlay\20230530_123446_ESWW0070025_3.png|C:\Users\datir\project1\data\processed\ts\ESWW0070025_3\overlay\20230531_095415_ESWW0070025_3.png|C:\Users\datir\project1\data\processed\ts\ESWW0070025_3\overlay\20230531_165606_ESWW0070025_3.png,C:\Users\datir\project1\data\processed\ts\ESWW0070025_3\overlay\20230601_160634_ESWW0070025_3.png,0.0024030361251605
ESWW0070025_3,C:\Users\datir\project1\data\processed\ts\ESWW0070025_3\overlay\20230531_095415_ESWW0070025_3.png|C:\Users\datir\project1\data\processed\ts\ESWW0070025_3\overlay\20230531_165606_ESWW0070025_3.png|C:\Users\datir\project1\data\processed\ts\ESWW0070025_3\overlay\20230601_160634_ESWW0070025_3.png,C:\Users\datir\project1\data\processed\ts\ESWW0070025_3\overlay\20230604_133350_ESWW0070025_3.png,0.0033138968101866
ESWW0070025_3,C:\Users\datir\project1\data\processed\ts\ESWW0070025_3\overlay\20230531_165606_ESWW0070025_3.png|C:\Users\datir\project1\data\processed\ts\ESWW0070025_3\overlay\20230601_160634_ESWW0070025_3.png|C:\Users\datir\project1\data\processed\ts\ESWW0070025_3\overlay\20230604_133350_ESWW0070025_3.png,C:\Users\datir\project1\data\processed\ts\ESWW0070025_3\overlay\20230606_100445_ESWW0070025_3.png,0.0072473753263249
ESWW0070025_3,C:\Users\datir\project1\data\processed\ts\ESWW0070025_3\overlay\20230601_160634_ESWW0070025_3.png|C:\Users\datir\project1\data\processed\ts\ESWW0070025_3\overlay\20230604_133350_ESWW0070025_3.png|C:\Users\datir\project1\data\processed\ts\ESWW0070025_3\overlay\20230606_100445_ESWW0070025_3.png,C:\Users\datir\project1\data\processed\ts\ESWW0070025_3\overlay\20230606_120639_ESWW0070025_3.png,0.0044026431944819
ESWW0070025_3,C:\Users\datir\project1\data\processed\ts\ESWW0070025_3\overlay\20230604_133350_ESWW0070025_3.png|C:\Users\datir\project1\data\processed\ts\ESWW0070025_3\overlay\20230606_100445_ESWW0070025_3.png|C:\Users\datir\project1\data\processed\ts\ESWW0070025_3\overlay\20230606_120639_ESWW0070025_3.png,C:\Users\datir\project1\data\processed\ts\ESWW0070025_3\overlay\20230607_161308_ESWW0070025_3.png,0.0076424207165205
ESWW0070025_3,C:\Users\datir\project1\data\processed\ts\ESWW0070025_3\overlay\20230606_100445_ESWW0070025_3.png|C:\Users\datir\project1\data\processed\ts\ESWW0070025_3\overlay\20230606_120639_ESWW0070025_3.png|C:\Users\datir\project1\data\processed\ts\ESWW0070025_3\overlay\20230607_161308_ESWW0070025_3.png,C:\Users\datir\project1\data\processed\ts\ESWW0070025_3\overlay\20230608_110954_ESWW0070025_3.png,0.0113344904266263
ESWW0070025_5,C:\Users\datir\project1\data\processed\ts\ESWW0070025_5\overlay\20230525_174934_ESWW0070025_5.png|C:\Users\datir\project1\data\processed\ts\ESWW0070025_5\overlay\20230526_130313_ESWW0070025_5.png|C:\Users\datir\project1\data\processed\ts\ESWW0070025_5\overlay\20230527_104336_ESWW0070025_5.png,C:\Users\datir\project1\data\processed\ts\ESWW0070025_5\overlay\20230527_170529_ESWW0070025_5.png,0.0001787503706859
ESWW0070025_5,C:\Users\datir\project1\data\processed\ts\ESWW0070025_5\overlay\20230526_130313_ESWW0070025_5.png|C:\Users\datir\project1\data\processed\ts\ESWW0070025_5\overlay\20230527_104336_ESWW0070025_5.png|C:\Users\datir\project1\data\processed\ts\ESWW0070025_5\overlay\20230527_170529_ESWW0070025_5.png,C:\Users\datir\project1\data\processed\ts\ESWW0070025_5\overlay\20230529_123610_ESWW0070025_5.png,0.0
ESWW0070025_5,C:\Users\datir\project1\data\processed\ts\ESWW0070025_5\overlay\20230527_104336_ESWW0070025_5.png|C:\Users\datir\project1\data\processed\ts\ESWW0070025_5\overlay\20230527_170529_ESWW0070025_5.png|C:\Users\datir\project1\data\processed\ts\ESWW0070025_5\overlay\20230529_123610_ESWW0070025_5.png,C:\Users\datir\project1\data\processed\ts\ESWW0070025_5\overlay\20230530_123554_ESWW0070025_5.png,6.318103229593238e-07
ESWW0070025_5,C:\Users\datir\project1\data\processed\ts\ESWW0070025_5\overlay\20230527_170529_ESWW0070025_5.png|C:\Users\datir\project1\data\processed\ts\ESWW0070025_5\overlay\20230529_123610_ESWW0070025_5.png|C:\Users\datir\project1\data\processed\ts\ESWW0070025_5\overlay\20230530_123554_ESWW0070025_5.png,C:\Users\datir\project1\data\processed\ts\ESWW0070025_5\overlay\20230531_095538_ESWW0070025_5.png,2.2117162191153576e-05
ESWW0070025_5,C:\Users\datir\project1\data\processed\ts\ESWW0070025_5\overlay\20230529_123610_ESWW0070025_5.png|C:\Users\datir\project1\data\processed\ts\ESWW0070025_5\overlay\20230530_123554_ESWW0070025_5.png|C:\Users\datir\project1\data\processed\ts\ESWW0070025_5\overlay\20230531_095538_ESWW0070025_5.png,C:\Users\datir\project1\data\processed\ts\ESWW0070025_5\overlay\20230531_165639_ESWW0070025_5.png,0.0001748161664174
ESWW0070025_5,C:\Users\datir\project1\data\processed\ts\ESWW0070025_5\overlay\20230530_123554_ESWW0070025_5.png|C:\Users\datir\project1\data\processed\ts\ESWW0070025_5\overlay\20230531_095538_ESWW0070025_5.png|C:\Users\datir\project1\data\processed\ts\ESWW0070025_5\overlay\20230531_165639_ESWW0070025_5.png,C:\Users\datir\project1\data\processed\ts\ESWW0070025_5\overlay\20230601_160711_ESWW0070025_5.png,0.0003604368583173
ESWW0070025_5,C:\Users\datir\project1\data\processed\ts\ESWW0070025_5\overlay\20230531_095538_ESWW0070025_5.png|C:\Users\datir\project1\data\processed\ts\ESWW0070025_5\overlay\20230531_165639_ESWW0070025_5.png|C:\Users\datir\project1\data\processed\ts\ESWW0070025_5\overlay\20230601_160711_ESWW0070025_5.png,C:\Users\datir\project1\data\processed\ts\ESWW0070025_5\overlay\20230602_105930_ESWW0070025_5.png,0.000422262753551
ESWW0070025_5,C:\Users\datir\project1\data\processed\ts\ESWW0070025_5\overlay\20230531_165639_ESWW0070025_5.png|C:\Users\datir\project1\data\processed\ts\ESWW0070025_5\overlay\20230601_160711_ESWW0070025_5.png|C:\Users\datir\project1\data\processed\ts\ESWW0070025_5\overlay\20230602_105930_ESWW0070025_5.png,C:\Users\datir\project1\data\processed\ts\ESWW0070025_5\overlay\20230603_110114_ESWW0070025_5.png,0.0003919523744702
ESWW0070025_5,C:\Users\datir\project1\data\processed\ts\ESWW0070025_5\overlay\20230601_160711_ESWW0070025_5.png|C:\Users\datir\project1\data\processed\ts\ESWW0070025_5\overlay\20230602_105930_ESWW0070025_5.png|C:\Users\datir\project1\data\processed\ts\ESWW0070025_5\overlay\20230603_110114_ESWW0070025_5.png,C:\Users\datir\project1\data\processed\ts\ESWW0070025_5\overlay\20230604_133431_ESWW0070025_5.png,0.0003816176544919
ESWW0070025_5,C:\Users\datir\project1\data\processed\ts\ESWW0070025_5\overlay\20230602_105930_ESWW0070025_5.png|C:\Users\datir\project1\data\processed\ts\ESWW0070025_5\overlay\20230603_110114_ESWW0070025_5.png|C:\Users\datir\project1\data\processed\ts\ESWW0070025_5\overlay\20230604_133431_ESWW0070025_5.png,C:\Users\datir\project1\data\processed\ts\ESWW0070025_5\overlay\20230606_101331_ESWW0070025_5.png,0.0016672418137399
ESWW0070025_5,C:\Users\datir\project1\data\processed\ts\ESWW0070025_5\overlay\20230603_110114_ESWW0070025_5.png|C:\Users\datir\project1\data\processed\ts\ESWW0070025_5\overlay\20230604_133431_ESWW0070025_5.png|C:\Users\datir\project1\data\processed\ts\ESWW0070025_5\overlay\20230606_101331_ESWW0070025_5.png,C:\Users\datir\project1\data\processed\ts\ESWW0070025_5\overlay\20230606_120932_ESWW0070025_5.png,0.0009078226388997
ESWW0070025_5,C:\Users\datir\project1\data\processed\ts\ESWW0070025_5\overlay\20230604_133431_ESWW0070025_5.png|C:\Users\datir\project1\data\processed\ts\ESWW0070025_5\overlay\20230606_101331_ESWW0070025_5.png|C:\Users\datir\project1\data\processed\ts\ESWW0070025_5\overlay\20230606_120932_ESWW0070025_5.png,C:\Users\datir\project1\data\processed\ts\ESWW0070025_5\overlay\20230607_161504_ESWW0070025_5.png,0.0005460448844108
ESWW0070025_5,C:\Users\datir\project1\data\processed\ts\ESWW0070025_5\overlay\20230606_101331_ESWW0070025_5.png|C:\Users\datir\project1\data\processed\ts\ESWW0070025_5\overlay\20230606_120932_ESWW0070025_5.png|C:\Users\datir\project1\data\processed\ts\ESWW0070025_5\overlay\20230607_161504_ESWW0070025_5.png,C:\Users\datir\project1\data\processed\ts\ESWW0070025_5\overlay\20230608_111102_ESWW0070025_5.png,0.0604289749644078
ESWW0070025_8,C:\Users\datir\project1\data\processed\ts\ESWW0070025_8\overlay\20230525_175247_ESWW0070025_8.png|C:\Users\datir\project1\data\processed\ts\ESWW0070025_8\overlay\20230526_130521_ESWW0070025_8.png|C:\Users\datir\project1\data\processed\ts\ESWW0070025_8\overlay\20230527_104600_ESWW0070025_8.png,C:\Users\datir\project1\data\processed\ts\ESWW0070025_8\overlay\20230527_170733_ESWW0070025_8.png,0.0
ESWW0070025_8,C:\Users\datir\project1\data\processed\ts\ESWW0070025_8\overlay\20230526_130521_ESWW0070025_8.png|C:\Users\datir\project1\data\processed\ts\ESWW0070025_8\overlay\20230527_104600_ESWW0070025_8.png|C:\Users\datir\project1\data\processed\ts\ESWW0070025_8\overlay\20230527_170733_ESWW0070025_8.png,C:\Users\datir\project1\data\processed\ts\ESWW0070025_8\overlay\20230529_123749_ESWW0070025_8.png,0.0
ESWW0070025_8,C:\Users\datir\project1\data\processed\ts\ESWW0070025_8\overlay\20230527_104600_ESWW0070025_8.png|C:\Users\datir\project1\data\processed\ts\ESWW0070025_8\overlay\20230527_170733_ESWW0070025_8.png|C:\Users\datir\project1\data\processed\ts\ESWW0070025_8\overlay\20230529_123749_ESWW0070025_8.png,C:\Users\datir\project1\data\processed\ts\ESWW0070025_8\overlay\20230530_123711_ESWW0070025_8.png,0.0
ESWW0070025_8,C:\Users\datir\project1\data\processed\ts\ESWW0070025_8\overlay\20230527_170733_ESWW0070025_8.png|C:\Users\datir\project1\data\processed\ts\ESWW0070025_8\overlay\20230529_123749_ESWW0070025_8.png|C:\Users\datir\project1\data\processed\ts\ESWW0070025_8\overlay\20230530_123711_ESWW0070025_8.png,C:\Users\datir\project1\data\processed\ts\ESWW0070025_8\overlay\20230531_095737_ESWW0070025_8.png,0.0
ESWW0070025_8,C:\Users\datir\project1\data\processed\ts\ESWW0070025_8\overlay\20230529_123749_ESWW0070025_8.png|C:\Users\datir\project1\data\processed\ts\ESWW0070025_8\overlay\20230530_123711_ESWW0070025_8.png|C:\Users\datir\project1\data\processed\ts\ESWW0070025_8\overlay\20230531_095737_ESWW0070025_8.png,C:\Users\datir\project1\data\processed\ts\ESWW0070025_8\overlay\20230531_165816_ESWW0070025_8.png,0.0012075158990669
ESWW0070025_8,C:\Users\datir\project1\data\processed\ts\ESWW0070025_8\overlay\20230530_123711_ESWW0070025_8.png|C:\Users\datir\project1\data\processed\ts\ESWW0070025_8\overlay\20230531_095737_ESWW0070025_8.png|C:\Users\datir\project1\data\processed\ts\ESWW0070025_8\overlay\20230531_165816_ESWW0070025_8.png,C:\Users\datir\project1\data\processed\ts\ESWW0070025_8\overlay\20230601_160843_ESWW0070025_8.png,0.0004495265019667
ESWW0070025_8,C:\Users\datir\project1\data\processed\ts\ESWW0070025_8\overlay\20230531_095737_ESWW0070025_8.png|C:\Users\datir\project1\data\processed\ts\ESWW0070025_8\overlay\20230531_165816_ESWW0070025_8.png|C:\Users\datir\project1\data\processed\ts\ESWW0070025_8\overlay\20230601_160843_ESWW0070025_8.png,C:\Users\datir\project1\data\processed\ts\ESWW0070025_8\overlay\20230602_110102_ESWW0070025_8.png,0.0002820963392772
ESWW0070025_8,C:\Users\datir\project1\data\processed\ts\ESWW0070025_8\overlay\20230531_165816_ESWW0070025_8.png|C:\Users\datir\project1\data\processed\ts\ESWW0070025_8\overlay\20230601_160843_ESWW0070025_8.png|C:\Users\datir\project1\data\processed\ts\ESWW0070025_8\overlay\20230602_110102_ESWW0070025_8.png,C:\Users\datir\project1\data\processed\ts\ESWW0070025_8\overlay\20230603_110208_ESWW0070025_8.png,0.0003857883177248
ESWW0070025_8,C:\Users\datir\project1\data\processed\ts\ESWW0070025_8\overlay\20230601_160843_ESWW0070025_8.png|C:\Users\datir\project1\data\processed\ts\ESWW0070025_8\overlay\20230602_110102_ESWW0070025_8.png|C:\Users\datir\project1\data\processed\ts\ESWW0070025_8\overlay\20230603_110208_ESWW0070025_8.png,C:\Users\datir\project1\data\processed\ts\ESWW0070025_8\overlay\20230604_133534_ESWW0070025_8.png,0.0002830761450516
ESWW0070025_8,C:\Users\datir\project1\data\processed\ts\ESWW0070025_8\overlay\20230602_110102_ESWW0070025_8.png|C:\Users\datir\project1\data\processed\ts\ESWW0070025_8\overlay\20230603_110208_ESWW0070025_8.png|C:\Users\datir\project1\data\processed\ts\ESWW0070025_8\overlay\20230604_133534_ESWW0070025_8.png,C:\Users\datir\project1\data\processed\ts\ESWW0070025_8\overlay\20230606_101724_ESWW0070025_8.png,0.0012280033774122
ESWW0070025_8,C:\Users\datir\project1\data\processed\ts\ESWW0070025_8\overlay\20230603_110208_ESWW0070025_8.png|C:\Users\datir\project1\data\processed\ts\ESWW0070025_8\overlay\20230604_133534_ESWW0070025_8.png|C:\Users\datir\project1\data\processed\ts\ESWW0070025_8\overlay\20230606_101724_ESWW0070025_8.png,C:\Users\datir\project1\data\processed\ts\ESWW0070025_8\overlay\20230606_121639_ESWW0070025_8.png,0.0006429857722091
ESWW0070025_8,C:\Users\datir\project1\data\processed\ts\ESWW0070025_8\overlay\20230604_133534_ESWW0070025_8.png|C:\Users\datir\project1\data\processed\ts\ESWW0070025_8\overlay\20230606_101724_ESWW0070025_8.png|C:\Users\datir\project1\data\processed\ts\ESWW0070025_8\overlay\20230606_121639_ESWW0070025_8.png,C:\Users\datir\project1\data\processed\ts\ESWW0070025_8\overlay\20230607_161702_ESWW0070025_8.png,0.0008874649362764
ESWW0070025_8,C:\Users\datir\project1\data\processed\ts\ESWW0070025_8\overlay\20230606_101724_ESWW0070025_8.png|C:\Users\datir\project1\data\processed\ts\ESWW0070025_8\overlay\20230606_121639_ESWW0070025_8.png|C:\Users\datir\project1\data\processed\ts\ESWW0070025_8\overlay\20230607_161702_ESWW0070025_8.png,C:\Users\datir\project1\data\processed\ts\ESWW0070025_8\overlay\20230608_111226_ESWW0070025_8.png,0.0010604460700538
ESWW0070025_9,C:\Users\datir\project1\data\processed\ts\ESWW0070025_9\overlay\20230525_175322_ESWW0070025_9.png|C:\Users\datir\project1\data\processed\ts\ESWW0070025_9\overlay\20230526_130600_ESWW0070025_9.png|C:\Users\datir\project1\data\processed\ts\ESWW0070025_9\overlay\20230527_104701_ESWW0070025_9.png,C:\Users\datir\project1\data\processed\ts\ESWW0070025_9\overlay\20230527_170800_ESWW0070025_9.png,3.4851098680885914e-05
ESWW0070025_9,C:\Users\datir\project1\data\processed\ts\ESWW0070025_9\overlay\20230526_130600_ESWW0070025_9.png|C:\Users\datir\project1\data\processed\ts\ESWW0070025_9\overlay\20230527_104701_ESWW0070025_9.png|C:\Users\datir\project1\data\processed\ts\ESWW0070025_9\overlay\20230527_170800_ESWW0070025_9.png,C:\Users\datir\project1\data\processed\ts\ESWW0070025_9\overlay\20230529_123816_ESWW0070025_9.png,0.0002140804019212
ESWW0070025_9,C:\Users\datir\project1\data\processed\ts\ESWW0070025_9\overlay\20230527_104701_ESWW0070025_9.png|C:\Users\datir\project1\data\processed\ts\ESWW0070025_9\overlay\20230527_170800_ESWW0070025_9.png|C:\Users\datir\project1\data\processed\ts\ESWW0070025_9\overlay\20230529_123816_ESWW0070025_9.png,C:\Users\datir\project1\data\processed\ts\ESWW0070025_9\overlay\20230530_123730_ESWW0070025_9.png,0.0001929116294954
ESWW0070025_9,C:\Users\datir\project1\data\processed\ts\ESWW0070025_9\overlay\20230527_170800_ESWW0070025_9.png|C:\Users\datir\project1\data\processed\ts\ESWW0070025_9\overlay\20230529_123816_ESWW0070025_9.png|C:\Users\datir\project1\data\processed\ts\ESWW0070025_9\overlay\20230530_123730_ESWW0070025_9.png,C:\Users\datir\project1\data\processed\ts\ESWW0070025_9\overlay\20230531_095804_ESWW0070025_9.png,0.0002610279393207
ESWW0070025_9,C:\Users\datir\project1\data\processed\ts\ESWW0070025_9\overlay\20230529_123816_ESWW0070025_9.png|C:\Users\datir\project1\data\processed\ts\ESWW0070025_9\overlay\20230530_123730_ESWW0070025_9.png|C:\Users\datir\project1\data\processed\ts\ESWW0070025_9\overlay\20230531_095804_ESWW0070025_9.png,C:\Users\datir\project1\data\processed\ts\ESWW0070025_9\overlay\20230531_165840_ESWW0070025_9.png,0.0002914315204672
ESWW0070025_9,C:\Users\datir\project1\data\processed\ts\ESWW0070025_9\overlay\20230530_123730_ESWW0070025_9.png|C:\Users\datir\project1\data\processed\ts\ESWW0070025_9\overlay\20230531_095804_ESWW0070025_9.png|C:\Users\datir\project1\data\processed\ts\ESWW0070025_9\overlay\20230531_165840_ESWW0070025_9.png,C:\Users\datir\project1\data\processed\ts\ESWW0070025_9\overlay\20230601_160903_ESWW0070025_9.png,0.0010983696305952
ESWW0070025_9,C:\Users\datir\project1\data\processed\ts\ESWW0070025_9\overlay\20230531_095804_ESWW0070025_9.png|C:\Users\datir\project1\data\processed\ts\ESWW0070025_9\overlay\20230531_165840_ESWW0070025_9.png|C:\Users\datir\project1\data\processed\ts\ESWW0070025_9\overlay\20230601_160903_ESWW0070025_9.png,C:\Users\datir\project1\data\processed\ts\ESWW0070025_9\overlay\20230602_110119_ESWW0070025_9.png,0.0014386740928203
ESWW0070025_9,C:\Users\datir\project1\data\processed\ts\ESWW0070025_9\overlay\20230531_165840_ESWW0070025_9.png|C:\Users\datir\project1\data\processed\ts\ESWW0070025_9\overlay\20230601_160903_ESWW0070025_9.png|C:\Users\datir\project1\data\processed\ts\ESWW0070025_9\overlay\20230602_110119_ESWW0070025_9.png,C:\Users\datir\project1\data\processed\ts\ESWW0070025_9\overlay\20230603_110225_ESWW0070025_9.png,0.0037713208194051
ESWW0070025_9,C:\Users\datir\project1\data\processed\ts\ESWW0070025_9\overlay\20230601_160903_ESWW0070025_9.png|C:\Users\datir\project1\data\processed\ts\ESWW0070025_9\overlay\20230602_110119_ESWW0070025_9.png|C:\Users\datir\project1\data\processed\ts\ESWW0070025_9\overlay\20230603_110225_ESWW0070025_9.png,C:\Users\datir\project1\data\processed\ts\ESWW0070025_9\overlay\20230604_133551_ESWW0070025_9.png,0.0029388283769399
ESWW0070025_9,C:\Users\datir\project1\data\processed\ts\ESWW0070025_9\overlay\20230602_110119_ESWW0070025_9.png|C:\Users\datir\project1\data\processed\ts\ESWW0070025_9\overlay\20230603_110225_ESWW0070025_9.png|C:\Users\datir\project1\data\processed\ts\ESWW0070025_9\overlay\20230604_133551_ESWW0070025_9.png,C:\Users\datir\project1\data\processed\ts\ESWW0070025_9\overlay\20230606_101836_ESWW0070025_9.png,0.005258732124816
ESWW0070025_9,C:\Users\datir\project1\data\processed\ts\ESWW0070025_9\overlay\20230603_110225_ESWW0070025_9.png|C:\Users\datir\project1\data\processed\ts\ESWW0070025_9\overlay\20230604_133551_ESWW0070025_9.png|C:\Users\datir\project1\data\processed\ts\ESWW0070025_9\overlay\20230606_101836_ESWW0070025_9.png,C:\Users\datir\project1\data\processed\ts\ESWW0070025_9\overlay\20230606_121741_ESWW0070025_9.png,0.001463333670522
ESWW0070025_9,C:\Users\datir\project1\data\processed\ts\ESWW0070025_9\overlay\20230604_133551_ESWW0070025_9.png|C:\Users\datir\project1\data\processed\ts\ESWW0070025_9\overlay\20230606_101836_ESWW0070025_9.png|C:\Users\datir\project1\data\processed\ts\ESWW0070025_9\overlay\20230606_121741_ESWW0070025_9.png,C:\Users\datir\project1\data\processed\ts\ESWW0070025_9\overlay\20230607_161729_ESWW0070025_9.png,0.0020632178391254
ESWW0070025_9,C:\Users\datir\project1\data\processed\ts\ESWW0070025_9\overlay\20230606_101836_ESWW0070025_9.png|C:\Users\datir\project1\data\processed\ts\ESWW0070025_9\overlay\20230606_121741_ESWW0070025_9.png|C:\Users\datir\project1\data\processed\ts\ESWW0070025_9\overlay\20230607_161729_ESWW0070025_9.png,C:\Users\datir\project1\data\processed\ts\ESWW0070025_9\overlay\20230608_111301_ESWW0070025_9.png,0.0017365689051783
